security_code,trade_time,en_buy_num,en_sell_num,en_buy_vol,en_sell_vol,en_buy_price,en_sell_price,en_buy_price_std,en_sell_price_std,en_price_std
000014,2023.04.20T09:30:06.000,39,33,69700,54700,9.20728837876614,9.666051188299817,0.153141639254039,0.293787312266008,0.280361939109802
000014,2023.04.20T09:30:12.000,3,21,2400,11560,9.3475,9.39022491349481,0.017320508075688,0.205968097390973,0.192918094807999
000014,2023.04.20T09:30:18.000,2,33,700,14200,9.198571428571428,9.353098591549295,0.141421356237309,0.008268688657895,0.031826736817817
000014,2023.04.20T09:30:24.000,1,7,500,13500,9.349999999999999,9.343925925925926,,0.01,0.009910312089651
000014,2023.04.20T09:30:30.000,0,6,0,4900,,9.329183673469387,,0.017224014243685,0.017224014243685
000014,2023.04.20T09:30:36.000,4,6,6200,3300,9.245161290322581,9.412121212121212,0.07675719293113,0.059329587896765,0.070435155363718
000014,2023.04.20T09:30:42.000,0,1,0,2500,,9.339999999999999,,,
000014,2023.04.20T09:30:48.000,1,0,300,0,9.269999999999999,,,,
000014,2023.04.20T09:31:00.000,3,2,4300,200,9.317209302325581,9.32,0.023094010767586,0,0.017888543819999
000014,2023.04.20T09:31:06.000,1,2,1000,200,9.009999999999999,9.349999999999999,,0,0.196299091524473
000014,2023.04.20T09:31:12.000,3,4,4000,2800,9.2725,9.295357142857142,0.040414518843274,0.02872281323269,0.038913824205361
000014,2023.04.20T09:31:18.000,1,2,10000,3400,9.3,9.337058823529412,,0.014142135623731,0.02
000014,2023.04.20T09:31:24.000,1,1,500,1700,9.269999999999999,9.32,,,0.035355339059328
000014,2023.04.20T09:31:30.000,2,1,1200,200,9.199999999999999,9.339999999999999,0.084852813742386,,0.083266639978646
000014,2023.04.20T09:31:36.000,2,1,5200,700,9.257307692307691,9.339999999999999,0.601040764008565,,0.505799696849784
000014,2023.04.20T09:31:42.000,1,0,1400,0,9.269999999999999,,,,
000014,2023.04.20T09:31:48.000,0,1,0,4000,,10.3,,,
000014,2023.04.20T09:31:54.000,2,0,2000,0,9.176999999999999,,0.021213203435596,,0.021213203435596
000014,2023.04.20T09:32:00.000,0,1,0,25000,,10.179999999999999,,,
000014,2023.04.20T09:32:06.000,2,2,2300,1420,9.32,9.345774647887324,0,0.014142135623731,0.014142135623731
000014,2023.04.20T09:32:12.000,1,0,500,0,9.3,,,,
000014,2023.04.20T09:32:18.000,4,1,4200,2500,9.252142857142857,9.289999999999999,0.072743842809318,,0.063007936008094
000014,2023.04.20T09:32:24.000,2,1,3100,600,9.310322580645161,9.31,0.007071067811865,,0.005773502691896
000014,2023.04.20T09:32:30.000,2,0,1300,0,9.286923076923077,,0.070710678118655,,0.070710678118655
000014,2023.04.20T09:32:36.000,0,1,0,700,,9.31,,,
000014,2023.04.20T09:32:42.000,8,3,13500,3000,9.251925925925926,9.302666666666667,0.03113908889391,0.015275252316519,0.027369525189358
000014,2023.04.20T09:32:48.000,1,1,2800,500,8.9,9.679999999999999,,,0.551543289325507
000014,2023.04.20T09:32:54.000,4,1,11300,2900,9.260530973451327,9.33,0.029860788111948,,0.030822070014845
000014,2023.04.20T09:33:00.000,1,1,2000,3300,9.31,9.449999999999999,,,0.098994949366116
000014,2023.04.20T09:33:12.000,2,0,3800,0,9.278421052631578,,0.049497474683059,,0.049497474683059
000014,2023.04.20T09:33:18.000,6,3,2400,6100,9.312916666666666,9.301967213114755,0.009831920802502,0.011547005383792,0.010540925533894
000014,2023.04.20T09:33:24.000,5,1,22600,1400,9.311061946902654,9.31,0.015811388300842,,0.014719601443879
000014,2023.04.20T09:33:30.000,3,1,2700,200,9.317777777777777,9.31,0.011547005383792,,0.009574271077563
000014,2023.04.20T09:33:42.000,7,8,25100,4600,9.294780876494023,9.327391304347825,0.024299715851759,0.003535533905933,0.018695555876299
000014,2023.04.20T09:33:48.000,2,0,900,0,9.277777777777778,,0.459619407771256,,0.459619407771256
000014,2023.04.20T09:33:54.000,3,26,1500,18900,9.290666666666666,9.325185185185185,0.02,0.005870395085643,0.015207918601089
000014,2023.04.20T09:34:00.000,2,38,4000,44800,9.301,9.32015625,0.014142135623731,0.011280088576471,0.011251780485886
000014,2023.04.20T09:34:06.000,4,4,3100,8100,9.265483870967742,9.339012345679012,0.048562674281112,0.02,0.046117087009976
000014,2023.04.20T09:34:12.000,0,11,0,2200,,9.304090909090909,,0.003015113445778,0.003015113445778
000014,2023.04.20T09:34:18.000,1,1,100,100,9.259999999999999,9.3,,,0.028284271247463
000014,2023.04.20T09:34:24.000,1,5,1400,64100,9.279999999999999,9.298549141965677,,0.005477225575053,0.008164965809278
000014,2023.04.20T09:34:30.000,4,1,1500,21900,9.16,9.279999999999999,0.141774468787579,,0.128530152104477
000014,2023.04.20T09:34:36.000,8,5,1400,13500,9.279285714285714,9.282814814814814,0.003535533905933,0.017888543819999,0.012608503439123
000014,2023.04.20T09:34:42.000,3,3,900,3500,9.235555555555555,9.265714285714285,0.04618802153517,0.020816659994661,0.033862466931201
000014,2023.04.20T09:34:48.000,3,2,2600,5300,9.241538461538461,9.346037735849057,0.057735026918962,0.049497474683059,0.060663003552412
000014,2023.04.20T09:34:54.000,4,1,1100,2000,9.269090909090909,9.269999999999999,0.018257418583505,,0.016431676725155
000014,2023.04.20T09:35:00.000,3,1,7500,700,9.262666666666666,9.269999999999999,0.011547005383792,,0.009574271077563
000014,2023.04.20T09:35:06.000,4,2,12300,3700,9.21959349593496,9.328108108108107,0.02872281323269,0.049497474683059,0.038297084310253
000014,2023.04.20T09:35:12.000,8,3,12800,2800,9.240937499999999,9.312142857142857,0.058903674394242,0.133166562369588,0.094243398611352
000014,2023.04.20T09:35:18.000,6,1,2900,500,9.253448275862069,9.269999999999999,0.024013884872437,,0.022360679774997
000014,2023.04.20T09:35:24.000,9,3,7200,10480,9.262777777777778,10.160648854961833,0.032446537223219,0.495614097189874,0.282177678819999
000014,2023.04.20T09:35:30.000,5,3,15100,8500,9.226556291390728,9.254823529411764,0.059413803110051,0.017320508075688,0.047790465277381
000014,2023.04.20T09:35:36.000,7,5,17000,5100,9.275470588235293,9.331960784313725,0.027945525240231,0.030495901363954,0.032879486097879
000014,2023.04.20T09:35:42.000,4,3,1700,2300,9.208823529411764,9.497826086956521,0.043493294502333,0.141539158303748,0.111312515875243
000014,2023.04.20T09:35:48.000,3,1,800,300,9.21875,0,0.058594652770824,,4.621914285949781
000014,2023.04.20T09:35:54.000,2,0,1600,0,9.283749999999999,,0.014142135623731,,0.014142135623731
000014,2023.04.20T09:36:00.000,5,0,5700,0,9.281228070175439,,0.017888543819998,,0.017888543819998
000014,2023.04.20T09:36:06.000,6,0,1200,0,9.288333333333334,,0.008164965809278,,0.008164965809278
000014,2023.04.20T09:36:12.000,8,1,7800,2000,9.264102564102564,9.289999999999999,0.043073856837497,,0.040654369725502
000014,2023.04.20T09:36:18.000,6,5,8300,9300,9.216265060240964,9.352258064516128,0.042622372841815,0.046690470119715,0.081864633278469
000014,2023.04.20T09:36:24.000,3,0,900,0,9.155555555555555,,0.126622799421484,,0.126622799421484
000014,2023.04.20T09:36:30.000,3,1,1200,100,9.238333333333333,9.279999999999999,0.050332229568472,,0.047258156262526
000014,2023.04.20T09:36:36.000,7,2,5000,3900,9.217999999999999,9.295128205128204,0.103348693174865,0.007071067811867,0.093823119633584
000014,2023.04.20T09:36:42.000,5,0,2400,0,9.272916666666667,,0.054954526656136,,0.054954526656136
000014,2023.04.20T09:36:48.000,0,1,0,1900,,10.3,,,
000014,2023.04.20T09:36:54.000,2,1,9100,1900,9.259230769230768,9.3,0.049497474683059,,0.055677643628301
000014,2023.04.20T09:37:00.000,3,8,3500,800,9.295714285714286,9.279999999999999,0.005773502691897,0,0.006741998624633
000014,2023.04.20T09:37:06.000,26,1,48600,300,9.290843621399176,9.32,0.004914656259989,,0.006405126152204
000014,2023.04.20T09:37:12.000,7,2,2800,2600,9.286071428571428,9.297307692307692,0.019023794624227,0.007071067811867,0.017320508075689
000014,2023.04.20T09:37:18.000,0,2,0,3000,,9.38,,0.106066017177982,0.106066017177982
000014,2023.04.20T09:37:24.000,4,1,1600,15000,9.294999999999999,9.9,0.04,,0.279427987145168
000014,2023.04.20T09:37:30.000,6,1,6600,1800,9.209090909090909,9.3,0.120069424362186,,0.112609734840965
000014,2023.04.20T09:37:36.000,1,1,1000,1500,9.259999999999999,9.3,,,0.028284271247463
000014,2023.04.20T09:37:42.000,3,3,11400,12300,9.184210526315789,9.304878048780487,0.339558536926993,0.017320508075688,0.252031744032374
000014,2023.04.20T09:37:48.000,2,2,3500,1700,9.211428571428571,9.3,0.07778174593052,0,0.058523499553598
000014,2023.04.20T09:37:54.000,2,0,700,0,9.277142857142857,,0.028284271247463,,0.028284271247463
000014,2023.04.20T09:38:00.000,2,0,4200,0,9.299523809523808,,0.007071067811867,,0.007071067811867
000014,2023.04.20T09:38:06.000,4,0,17300,0,9.290346820809247,,0.005773502691897,,0.005773502691897
000014,2023.04.20T09:38:12.000,3,1,300,600,9.3,9.3,0,,0
000014,2023.04.20T09:38:18.000,5,2,5000,1800,9.2506,9.316666666666666,0.045276925690687,0.042426406871193,0.047559486560567
000014,2023.04.20T09:38:24.000,1,2,2000,7000,9.279999999999999,9.289999999999999,,0,0.005773502691896
000014,2023.04.20T09:38:30.000,0,1,0,6600,,9.289999999999999,,,
000014,2023.04.20T09:38:36.000,2,0,400,0,9.289999999999999,,0,,0
000014,2023.04.20T09:38:48.000,1,1,100,600,9.289999999999999,9.289999999999999,,,0
000014,2023.04.20T09:39:00.000,2,1,1500,100,9.283333333333333,9.289999999999999,0.007071067811865,,0.005773502691896
000014,2023.04.20T09:39:06.000,2,1,800,7600,9.265,9.289999999999999,0.028284271247461,,0.023094010767585
000014,2023.04.20T09:39:12.000,1,1,100,1600,9.269999999999999,9.259999999999999,,,0.007071067811865
000014,2023.04.20T09:39:18.000,0,2,0,3500,,9.299428571428572,,0.007071067811867,0.007071067811867
000014,2023.04.20T09:39:24.000,4,0,4300,0,9.205581395348836,,0.094868329805051,,0.094868329805051
000014,2023.04.20T09:39:30.000,1,0,600,0,9.279999999999999,,,,
000014,2023.04.20T09:39:36.000,1,1,200,500,9.259999999999999,9.3,,,0.028284271247463
000014,2023.04.20T09:39:42.000,2,3,1100,7600,9.299090909090908,9.281578947368419,0.007071067811867,0.005773502691896,0.007071067811866
000014,2023.04.20T09:39:48.000,0,3,0,6300,,9.378888888888889,,0.580258563056161,0.580258563056161
000014,2023.04.20T09:39:54.000,1,2,900,3400,9.289999999999999,9.261176470588235,,0.028284271247463,0.020816659994662
000014,2023.04.20T09:40:00.000,2,1,21400,600,9.3,9.289999999999999,0,,0.005773502691897
000014,2023.04.20T09:40:06.000,1,2,100,1800,9.3,9.32,,0,0.011547005383792
000014,2023.04.20T09:40:12.000,3,2,2800,200,9.303571428571428,9.314999999999999,0.011547005383792,0.007071067811865,0.01
000014,2023.04.20T09:40:18.000,1,0,500,0,9.289999999999999,,,,
000014,2023.04.20T09:40:24.000,2,0,3300,0,9.209090909090909,,0.212132034355965,,0.212132034355965
000014,2023.04.20T09:40:30.000,0,4,0,2800,,9.325357142857143,,0.033665016461206,0.033665016461206
000014,2023.04.20T09:40:36.000,1,1,200,500,9.07,9.349999999999999,,,0.197989898732233
000014,2023.04.20T09:40:42.000,2,10,400,3400,9.285,9.304999999999999,0.014142135623732,0.004216370213558,0.00738548945876
000014,2023.04.20T09:40:48.000,1,1,10000,520,9.289999999999999,10.31,,,0.721248916810279
000014,2023.04.20T09:41:00.000,2,25,1900,27100,9.3,9.301439114391143,0,0.006454972243679,0.006224663745653
000014,2023.04.20T09:41:06.000,1,14,500,2900,9.31,9.29655172413793,,0.006112498455022,0.007367883976131
000014,2023.04.20T09:41:12.000,3,1,6600,900,9.27621212121212,9.63,0.015275252316519,,0.17710637105047
000014,2023.04.20T09:41:24.000,0,4,0,7400,,9.284864864864864,,0.017320508075689,0.017320508075689
000014,2023.04.20T09:41:30.000,1,13,2400,33200,9.21,9.247801204819277,,0.023858557568109,0.030928844249234
000014,2023.04.20T09:41:36.000,1,15,500,2300,9.279999999999999,9.292173913043479,,0.004879500364743,0.005773502691897
000014,2023.04.20T09:41:42.000,0,3,0,300,,9.289999999999999,,0,0
000014,2023.04.20T09:41:48.000,0,1,0,100,,9.289999999999999,,,
000014,2023.04.20T09:41:54.000,1,2,500,4000,9.289999999999999,9.333999999999999,,0.509116882454315,0.412835721968598
000014,2023.04.20T09:42:00.000,1,6,200,2100,9.289999999999999,9.289999999999999,,0,0
000014,2023.04.20T09:42:06.000,11,0,2700,0,9.40148148148148,,0.307857700303832,,0.307857700303832
000014,2023.04.20T09:42:12.000,8,7,1000,6200,9.289999999999997,9.283548387096773,0,0.003779644730092,0.002581988897472
000014,2023.04.20T09:42:18.000,0,2,0,200,,9.289999999999999,,0,0
000014,2023.04.20T09:42:24.000,1,1,300,10000,9.279999999999999,9.279999999999999,,,0
000014,2023.04.20T09:42:30.000,17,6,5300,5500,9.276603773584906,9.280181818181818,0.019212434698882,0.004082482904639,0.017021260827509
000014,2023.04.20T09:42:36.000,5,4,600,400,9.276666666666665,9.279999999999999,0.008944271909999,0,0.006666666666667
000014,2023.04.20T09:42:42.000,0,1,0,700,,9.269999999999999,,,
000014,2023.04.20T09:42:48.000,2,0,4300,0,9.323953488372092,,0.749533188057741,,0.749533188057741
000014,2023.04.20T09:42:54.000,2,4,400,4100,9.269999999999999,9.271463414634146,0,0.01,0.010954451150103
000014,2023.04.20T09:43:00.000,2,4,5100,9400,9.266666666666667,9.289999999999999,0.120208152801713,0,0.076354436675284
000014,2023.04.20T09:43:06.000,4,4,2500,1200,9.2428,9.274166666666665,0.14174507634012,0.009574271077563,0.101277553570092
000014,2023.04.20T09:43:12.000,1,0,1400,0,9.15,,,,
000014,2023.04.20T09:43:18.000,9,2,6200,2100,9.274354838709676,9.279999999999999,0.028037673068768,0,0.025334130768948
000014,2023.04.20T09:43:24.000,2,3,200,5500,9.279999999999999,9.280909090909091,0,0.005773502691896,0.005477225575052
000014,2023.04.20T09:43:30.000,9,0,4300,0,9.349534883720929,,0.343765908722782,,0.343765908722782
000014,2023.04.20T09:43:36.000,2,0,600,0,9.266666666666667,,0.056568542494924,,0.056568542494924
000014,2023.04.20T09:43:42.000,0,4,0,5000,,9.277799999999999,,0.017320508075688,0.017320508075688
000014,2023.04.20T09:43:48.000,2,0,11000,0,9.278181818181817,,0.007071067811865,,0.007071067811865
000014,2023.04.20T09:43:54.000,1,1,200,1200,9.25,9.279999999999999,,,0.021213203435596
000014,2023.04.20T09:44:00.000,2,0,2300,0,9.280869565217392,,0.021213203435596,,0.021213203435596
000014,2023.04.20T09:44:06.000,2,5,1500,460,9.269999999999999,9.288695652173911,0,0.004472135954999,0.009511897312113
000014,2023.04.20T09:44:12.000,2,0,3700,0,9.255405405405404,,0.014142135623731,,0.014142135623731
000014,2023.04.20T09:44:18.000,2,0,2500,0,9.278,,0.007071067811865,,0.007071067811865
000014,2023.04.20T09:44:24.000,1,0,3000,0,9.259999999999999,,,,
000014,2023.04.20T09:44:30.000,3,4,1600,10800,9.1775,9.372870370370369,0.072111025509279,0.094868329805052,0.092453334432129
000014,2023.04.20T09:44:36.000,1,2,200,200,9.259999999999999,9.289999999999999,,0,0.017320508075688
000014,2023.04.20T09:44:42.000,1,0,500,0,9.07,,,,
000014,2023.04.20T09:44:48.000,2,1,300,2300,9.316666666666664,9.32,0.056568542494924,,0.040414518843274
000014,2023.04.20T09:44:54.000,1,1,300,100,9.289999999999999,10.3,,,0.714177848998414
000014,2023.04.20T09:45:00.000,3,0,5600,0,9.252142857142857,,0.015275252316519,,0.015275252316519
000014,2023.04.20T09:45:06.000,2,19,1300,2200,9.28076923076923,9.279999999999997,0.007071067811865,0,0.00218217890236
000014,2023.04.20T09:45:12.000,2,0,900,0,9.253333333333333,,0.056568542494924,,0.056568542494924
000014,2023.04.20T09:45:18.000,2,1,600,1000,9.273333333333333,9.279999999999999,0.014142135623731,,0.01
000014,2023.04.20T09:45:24.000,1,2,6600,1600,9.269999999999999,9.3275,,0.070710678118656,0.064291005073287
000014,2023.04.20T09:45:30.000,1,4,100,6500,9.289999999999999,9.656615384615385,,0.510000000000001,0.455060435546753
000014,2023.04.20T09:45:36.000,1,1,2000,900,9.269999999999999,9.279999999999999,,,0.007071067811865
000014,2023.04.20T09:45:42.000,1,0,3000,0,9.279999999999999,,,,
000014,2023.04.20T09:45:48.000,1,1,300,2300,9.279999999999999,9.25,,,0.021213203435596
000014,2023.04.20T09:45:54.000,1,1,800,10300,9.099999999999999,9.279999999999999,,,0.127279220613578
000014,2023.04.20T09:46:00.000,1,5,5000,5000,9.269999999999999,9.280599999999999,,0.004472135954999,0.006324555320337
000014,2023.04.20T09:46:06.000,0,2,0,6500,,9.270153846153846,,0.007071067811865,0.007071067811865
000014,2023.04.20T09:46:18.000,2,3,1100,10200,9.279999999999999,9.299509803921568,0,0.01527525231652,0.010954451150104
000014,2023.04.20T09:46:24.000,4,0,7200,0,9.272638888888888,,0.014142135623731,,0.014142135623731
000014,2023.04.20T09:46:30.000,1,4,100,1900,9.279999999999999,9.279999999999997,,0,0
000014,2023.04.20T09:46:36.000,2,1,26500,100,9.279999999999999,9.279999999999999,0,,0
000014,2023.04.20T09:46:42.000,2,3,14700,2900,9.279999999999999,9.282068965517241,0,0.01,0.007071067811865
000014,2023.04.20T09:46:48.000,0,1,0,600,,9.289999999999999,,,
000014,2023.04.20T09:46:54.000,2,0,1300,0,9.283846153846154,,0.007071067811865,,0.007071067811865
000014,2023.04.20T09:47:00.000,0,1,0,1300,,9.279999999999999,,,
000014,2023.04.20T09:47:06.000,1,2,1000,800,9.289999999999999,9.289999999999999,,0,0
000014,2023.04.20T09:47:12.000,1,7,600,6100,9.279999999999999,9.280655737704918,,0.005345224838248,0.005345224838248
000014,2023.04.20T09:47:18.000,2,8,5200,4100,9.28903846153846,9.21,0.007071067811865,0.048916839052182,0.043830481529537
000014,2023.04.20T09:47:24.000,0,1,0,7000,,9.15,,,
000014,2023.04.20T09:47:30.000,2,1,5400,20600,9.209259259259258,9.279999999999999,0.035355339059328,,0.040414518843274
000014,2023.04.20T09:47:36.000,0,3,0,300,,9.286666666666665,,0.005773502691896,0.005773502691896
000014,2023.04.20T09:47:42.000,0,1,0,1600,,9.279999999999999,,,
000014,2023.04.20T09:47:48.000,1,1,2000,2100,9.25,9.24,,,0.007071067811865
000014,2023.04.20T09:47:54.000,3,2,12200,500,9.268360655737705,9.272,0.011547005383792,0.007071067811865,0.010954451150103
000014,2023.04.20T09:48:00.000,3,1,2300,3000,9.19304347826087,9.269999999999999,0.4308518693627,,0.377403409276245
000014,2023.04.20T09:48:06.000,1,2,100,4600,9.269999999999999,9.270217391304347,,0.007071067811865,0.005773502691896
000014,2023.04.20T09:48:12.000,1,3,1000,1200,9.269999999999999,9.88,,0.415692193816531,0.361697387328137
000014,2023.04.20T09:48:18.000,1,7,1000,12500,9.25,9.269999999999999,,0,0.007071067811865
000014,2023.04.20T09:48:24.000,3,4,4000,2500,9.2675,9.259999999999999,0.011547005383792,0.012583057392118,0.011338934190277
000014,2023.04.20T09:48:30.000,1,0,200,0,9.279999999999999,,,,
000014,2023.04.20T09:48:36.000,4,1,1500,20600,9.263999999999999,9.269999999999999,0.012583057392118,,0.012247448713916
000014,2023.04.20T09:48:42.000,2,2,400,38500,9.262499999999999,9.289220779220777,0.007071067811865,0.014142135623731,0.012583057392118
000014,2023.04.20T09:48:48.000,3,1,2300,500,9.336521739130434,9.259999999999999,0.634586479528205,,0.542279140910534
000014,2023.04.20T09:48:54.000,3,2,13000,400,9.269999999999999,9.269999999999999,0,0,0
000014,2023.04.20T09:49:00.000,1,4,300,2400,9.269999999999999,9.270833333333333,,0.005773502691896,0.005477225575052
000014,2023.04.20T09:49:06.000,3,5,2600,9200,9.244999999999999,9.27695652173913,0.028867513459481,0.004472135954999,0.018516401995451
000014,2023.04.20T09:49:12.000,2,1,1500,100,9.266666666666667,9.269999999999999,0.007071067811865,,0.005773502691896
000014,2023.04.20T09:49:18.000,1,2,300,40100,9.25,9.269999999999999,,0,0.011547005383792
000014,2023.04.20T09:49:24.000,1,0,500,0,9.269999999999999,,,,
000014,2023.04.20T09:49:30.000,1,0,1000,0,9.269999999999999,,,,
000014,2023.04.20T09:49:36.000,5,0,21400,0,9.268878504672896,,0.029495762407505,,0.029495762407505
000014,2023.04.20T09:49:42.000,1,1,300,100,9.259999999999999,9.269999999999999,,,0.007071067811865
000014,2023.04.20T09:49:48.000,1,4,300,3000,10.31,9.266666666666667,,0.005,0.466240281400053
000014,2023.04.20T09:49:54.000,1,1,1000,600,8.48,9.279999999999999,,,0.565685424949237
000014,2023.04.20T09:50:00.000,1,1,2700,300,9.269999999999999,9.259999999999999,,,0.007071067811865
000014,2023.04.20T09:50:06.000,2,5,2500,19200,9.135600000000001,9.163697916666667,0.098994949366116,0.054129474410897,0.061217800088038
000014,2023.04.20T09:50:12.000,3,1,800,100,9.262499999999999,9.269999999999999,0.011547005383792,,0.011547005383792
000014,2023.04.20T09:50:24.000,0,1,0,40000,,9.25,,,
000014,2023.04.20T09:50:30.000,1,0,1500,0,9.269999999999999,,,,
000014,2023.04.20T09:50:36.000,1,1,1100,900,9.22,9.24,,,0.014142135623731
000014,2023.04.20T09:50:42.000,1,3,2000,2900,9.25,9.245172413793103,,0.005773502691896,0.005773502691896
000014,2023.04.20T09:50:48.000,0,3,0,300,,9.25,,0,0
000014,2023.04.20T09:50:54.000,2,3,1300,1600,9.230769230769229,9.244374999999999,0.028284271247463,0.005773502691896,0.019493588689618
000014,2023.04.20T09:51:00.000,2,1,12000,1900,9.223333333333332,9.21,0.014142135623731,,0.015275252316519
000014,2023.04.20T09:51:06.000,3,0,1300,0,9.000769230769231,,0.251462389500564,,0.251462389500564
000014,2023.04.20T09:51:12.000,8,0,8500,0,9.205058823529411,,0.079000452078273,,0.079000452078273
000014,2023.04.20T09:51:18.000,2,0,1200,0,9.175833333333333,,0.091923881554252,,0.091923881554252
000014,2023.04.20T09:51:24.000,1,1,2000,600,9.23,9.25,,,0.014142135623731
000014,2023.04.20T09:51:30.000,1,1,300,5500,9.21,9.23,,,0.014142135623731
000014,2023.04.20T09:51:36.000,5,2,18700,23500,9.219839572192514,9.217021276595744,0.074632432628181,0.014142135623732,0.063170216007832
000014,2023.04.20T09:51:42.000,2,1,5800,100,9.188620689655172,9.25,0.212132034355965,,0.17925772879665
000014,2023.04.20T09:51:48.000,2,2,4700,3900,9.217872340425531,9.239230769230768,0.007071067811865,0.014142135623731,0.017078251276599
000014,2023.04.20T09:51:54.000,3,1,2500,400,9.224,9.25,0.017320508075689,,0.020615528128089
000014,2023.04.20T09:52:00.000,0,2,0,300,,9.25,,0,0
000014,2023.04.20T09:52:06.000,4,2,4700,5800,9.097446808510637,9.317931034482759,0.09660917830793,0.09192388155425,0.136002450958307
000014,2023.04.20T09:52:12.000,2,6,3500,4100,9.228571428571427,9.186829268292683,0.007071067811865,0.058651513194461,0.049695501377316
000014,2023.04.20T09:52:18.000,1,7,200,7600,9.23,9.24736842105263,,0.017043362064927,0.017728105208558
000014,2023.04.20T09:52:24.000,5,3,3000,4900,9.228666666666667,9.107959183673468,0.015165750888104,0.075055534994652,0.04642582409454
000014,2023.04.20T09:52:30.000,1,0,300,0,10.31,,,,
000014,2023.04.20T09:52:36.000,4,4,4700,20500,9.240212765957446,9.230097560975609,0.009574271077563,0.005773502691896,0.007440238091428
000014,2023.04.20T09:52:42.000,4,1,5100,100,9.206274509803922,9.23,0.015000000000001,,0.015165750888104
000014,2023.04.20T09:52:48.000,4,1,17800,1800,9.229157303370787,9.779999999999999,0.015000000000001,,0.249659768485032
000014,2023.04.20T09:52:54.000,4,4,2200,8500,8.961818181818181,9.248235294117646,0.35387144558441,0.106770782520313,0.306684458593612
000014,2023.04.20T09:53:00.000,3,1,7200,1200,9.099166666666667,9.23,0.12741009902411,,0.112063969826762
000014,2023.04.20T09:53:06.000,3,2,1800,700,9.41,9.419999999999999,0.623538290724796,0.148492424049174,0.466819022748645
000014,2023.04.20T09:53:12.000,2,12,2100,14900,8.896190476190476,9.226979865771811,0.240416305603426,0.008660254037845,0.093082144981117
000014,2023.04.20T09:53:18.000,1,2,1000,2200,9.22,9.232727272727272,,0.007071067811865,0.01
000014,2023.04.20T09:53:24.000,2,0,1100,0,9.219090909090908,,0.014142135623731,,0.014142135623731
000014,2023.04.20T09:53:30.000,1,0,5000,0,9.22,,,,
000014,2023.04.20T09:53:36.000,0,2,0,2700,,9.23,,0,0
000014,2023.04.20T09:53:42.000,1,0,1900,0,9.21,,,,
000014,2023.04.20T09:53:48.000,2,0,1400,0,9.225714285714285,,0.014142135623731,,0.014142135623731
000014,2023.04.20T09:53:54.000,4,0,10900,0,9.208348623853211,,0.023629078131263,,0.023629078131263
000014,2023.04.20T09:54:00.000,0,2,0,1500,,9.201999999999998,,0.021213203435597,0.021213203435597
000014,2023.04.20T09:54:06.000,2,0,1100,0,9.229090909090908,,0.007071067811865,,0.007071067811865
000014,2023.04.20T09:54:12.000,2,0,3000,0,9.23,,0,,0
000014,2023.04.20T09:54:18.000,7,2,1700,200,9.23,9.23,0,0,0
000014,2023.04.20T09:54:24.000,1,1,500,300,9.23,9.22,,,0.007071067811865
000014,2023.04.20T09:54:30.000,5,1,5000,100,9.185,9.8,0.072318738927058,,0.259666452717071
000014,2023.04.20T09:54:36.000,3,0,5600,0,9.193392857142857,,0.020816659994662,,0.020816659994662
000014,2023.04.20T09:54:42.000,1,2,200,1400,9.22,9.26142857142857,,0.042426406871193,0.041633319989323
000014,2023.04.20T09:54:54.000,2,0,1600,0,9.23,,0,,0
000014,2023.04.20T09:55:00.000,1,3,500,1700,9.22,9.24,,0,0.01
000014,2023.04.20T09:55:06.000,0,8,0,1200,,9.235833333333333,,0.004629100498863,0.004629100498863
000014,2023.04.20T09:55:12.000,4,7,1800,2400,9.208333333333333,9.24,0.03685557397916,0,0.029449494516421
000014,2023.04.20T09:55:18.000,3,5,4700,3600,9.23,9.230277777777777,0,0.004472135954999,0.003535533905933
000014,2023.04.20T09:55:24.000,0,5,0,1700,,9.24,,0,0
000014,2023.04.20T09:55:30.000,2,0,1700,0,9.23,,0,,0
000014,2023.04.20T09:55:36.000,3,1,2900,1000,9.179310344827586,9.24,0.068068592855541,,0.063966136874652
000014,2023.04.20T09:55:48.000,1,1,2800,200,9.23,9.23,,,0
000014,2023.04.20T09:55:54.000,1,1,100,100,9.24,9.24,,,0
000014,2023.04.20T09:56:00.000,3,0,3200,0,9.205,,0.025166114784236,,0.025166114784236
000014,2023.04.20T09:56:12.000,0,4,0,11700,,9.257350427350427,,0.033166247903554,0.033166247903554
000014,2023.04.20T09:56:18.000,3,1,5300,300,9.228867924528302,9.23,0.049328828623162,,0.04193248541803
000014,2023.04.20T09:56:24.000,4,1,7600,1900,9.117368421052631,9.24,0.396694676882192,,0.356749211631925
000014,2023.04.20T09:56:30.000,1,2,1000,1800,9.24,9.238888888888888,,0.014142135623731,0.011547005383792
000014,2023.04.20T09:56:42.000,7,0,1900,0,9.236842105263157,,0.022677868380554,,0.022677868380554
000014,2023.04.20T09:56:48.000,1,1,10000,1300,9.15,9.199999999999999,,,0.035355339059327
000014,2023.04.20T09:57:00.000,6,1,2100,1000,9.087619047619048,9.25,0.084557672626439,,0.085132949247745
000014,2023.04.20T09:57:06.000,2,1,2300,1500,9.236086956521738,9.23,0.021213203435596,,0.015275252316519
000014,2023.04.20T09:57:12.000,1,2,700,2100,9.189999999999999,9.494285714285714,,0.261629509039022,0.226053091109146
000014,2023.04.20T09:57:18.000,1,0,1000,0,9.24,,,,
000014,2023.04.20T09:57:24.000,3,4,1100,8200,9.234545454545454,9.215853658536586,0.005773502691896,0.0170782512766,0.013801311186847
000014,2023.04.20T09:57:30.000,2,2,1100,38500,9.24,9.24,0,0,0
000014,2023.04.20T09:57:36.000,2,1,2000,900,9.21,9.24,0.014142135623732,,0.02
000014,2023.04.20T09:57:42.000,1,1,500,4600,9.23,9.429999999999999,,,0.141421356237309
000014,2023.04.20T09:57:48.000,3,1,10400,6000,9.213269230769231,9.23,0.040414518843274,,0.036968455021365
000014,2023.04.20T09:57:54.000,3,3,5100,4200,9.204509803921569,9.349047619047619,0.075055534994652,0.144337567297406,0.124096736459909
000014,2023.04.20T09:58:00.000,2,1,1100,4600,9.093636363636363,9.38,0.106066017177982,,0.15
000014,2023.04.20T09:58:06.000,4,2,7600,5000,9.173421052631578,9.360999999999998,0.085,0.106066017177981,0.102891528643842
000014,2023.04.20T09:58:12.000,1,0,1000,0,9,,,,
000014,2023.04.20T09:58:18.000,4,1,4400,900,9.214090909090909,9.23,0.01,,0.008944271909999
000014,2023.04.20T09:58:24.000,8,1,2200,1300,9.170909090909091,9.23,0.045961940777126,,0.043333333333334
000014,2023.04.20T09:58:36.000,3,2,5600,5000,9.223035714285714,9.22,0.020816659994662,0,0.015165750888104
000014,2023.04.20T09:58:42.000,0,2,0,4100,,9.217317073170731,,0.021213203435596,0.021213203435596
000014,2023.04.20T09:58:48.000,1,0,100,0,8.88,,,,
000014,2023.04.20T09:58:54.000,1,1,1000,4500,9.23,9.22,,,0.007071067811865
000014,2023.04.20T09:59:00.000,0,1,0,500,,9.24,,,
000014,2023.04.20T09:59:06.000,2,0,300,0,9.22,,0,,0
000014,2023.04.20T09:59:12.000,1,1,500,15000,9.22,9.23,,,0.007071067811865
000014,2023.04.20T09:59:18.000,3,5,1600,23700,9.165625,9.224135021097046,0.05,0.075033325929216,0.083313092780015
000014,2023.04.20T09:59:24.000,2,2,1200,1500,9.221666666666665,9.246,0.007071067811865,0.007071067811865,0.012909944487358
000014,2023.04.20T09:59:30.000,1,11,1300,7700,9.23,9.223896103896104,,0.004670993664969,0.004923659639173
000014,2023.04.20T09:59:36.000,2,1,6900,100,9.208985507246376,9.22,0.028284271247463,,0.023094010767586
000014,2023.04.20T09:59:42.000,1,0,600,0,9.189999999999999,,,,
000014,2023.04.20T09:59:48.000,1,1,5000,3600,9.199999999999999,9.25,,,0.035355339059328
000014,2023.04.20T09:59:54.000,1,1,500,10000,9.199999999999999,9.279999999999999,,,0.056568542494924
000014,2023.04.20T10:00:00.000,1,0,1800,0,9.22,,,,
000014,2023.04.20T10:00:06.000,2,2,200,3760,9.22,9.279042553191487,0.014142135623731,0.042426406871192,0.031091263510295
000014,2023.04.20T10:00:12.000,2,4,600,1000,9.13,9.221,0.084852813742386,0.005,0.046797435827191
000014,2023.04.20T10:00:18.000,1,15,100,8600,9.21,9.218953488372093,,0.002581988897472,0.00341565025532
000014,2023.04.20T10:00:24.000,0,4,0,2200,,9.206363636363636,,0.015000000000001,0.015000000000001
000014,2023.04.20T10:00:30.000,2,1,9900,1800,9.23,9.23,0,,0
000014,2023.04.20T10:00:36.000,1,2,100,1900,9.23,9.201052631578948,,0.014142135623732,0.01527525231652
000014,2023.04.20T10:00:42.000,2,1,3100,700,9.216129032258065,9.22,0.042426406871193,,0.034641016151378
000014,2023.04.20T10:01:00.000,2,1,2000,100,9.199999999999999,9.22,0,,0.011547005383793
000014,2023.04.20T10:01:06.000,0,4,0,22800,,9.22,,0,0
000014,2023.04.20T10:01:12.000,0,2,0,3100,,9.22,,0,0
000014,2023.04.20T10:01:18.000,0,2,0,30700,,9.21,,0,0
000014,2023.04.20T10:01:24.000,1,2,2000,1100,9.22,9.175454545454545,,0.021213203435596,0.025166114784236
000014,2023.04.20T10:01:30.000,1,0,300,0,9.16,,,,
000014,2023.04.20T10:01:36.000,2,0,800,0,8.98,,0.509116882454315,,0.509116882454315
000014,2023.04.20T10:01:42.000,0,1,0,1300,,9.21,,,
000014,2023.04.20T10:01:48.000,1,0,1000,0,9.21,,,,
000014,2023.04.20T10:01:54.000,2,1,1600,1800,9.162499999999999,9.21,0.014142135623731,,0.030550504633039
000014,2023.04.20T10:02:00.000,2,4,3000,3800,9.21,9.221052631578947,0,0.103762549441823,0.082381227635103
000014,2023.04.20T10:02:06.000,0,3,0,34300,,9.21,,0,0
000014,2023.04.20T10:02:12.000,3,21,2000,36400,9.030499999999999,9.206346153846153,0.115902257671425,0.087687214684055,0.093086176373746
000014,2023.04.20T10:02:18.000,2,2,1400,30000,9.17142857142857,9.966666666666666,0.070710678118655,0.707106781186548,0.556027577253743
000014,2023.04.20T10:02:24.000,2,2,1100,4900,9.036363636363637,9.18265306122449,0.021213203435597,0.014142135623731,0.085
000014,2023.04.20T10:02:30.000,3,1,3300,1100,9.15969696969697,9.21,0.115902257671425,,0.102102889283311
000014,2023.04.20T10:02:36.000,4,1,3900,300,9.042307692307693,10.3,0.10785793124909,,0.564561776956252
000014,2023.04.20T10:02:42.000,2,0,3100,0,9.058064516129032,,0.007071067811865,,0.007071067811865
000014,2023.04.20T10:02:48.000,3,0,2900,0,9.149655172413792,,0.106926766215636,,0.106926766215636
000014,2023.04.20T10:02:54.000,1,0,100,0,8.599999999999999,,,,
000014,2023.04.20T10:03:00.000,5,0,3400,0,9.166470588235293,,0.030331501776206,,0.030331501776206
000014,2023.04.20T10:03:06.000,3,3,1800,3900,9.257222222222221,9.215384615384614,0.720902212508743,0.017320508075688,0.47778656322672
000014,2023.04.20T10:03:12.000,2,2,2400,1300,9.188333333333332,9.199999999999999,0.007071067811865,0,0.009574271077563
000014,2023.04.20T10:03:18.000,1,3,100,500,9.21,9.204,,0.005773502691897,0.005000000000001
000014,2023.04.20T10:03:24.000,0,1,0,100,,9.199999999999999,,,
000014,2023.04.20T10:03:30.000,59,5,176600,55560,9.154677236693091,9.152465802735781,0.026716906696851,0.021679483388678,0.026658759988547
000014,2023.04.20T10:03:42.000,2,3,200,1300,9.164999999999999,9.20846153846154,0.007071067811865,0.005773502691897,0.021679483388679
000014,2023.04.20T10:03:48.000,3,0,800,0,9.076249999999999,,0.395516539898565,,0.395516539898565
000014,2023.04.20T10:03:54.000,17,3,8000,1500,9.2125,9.208666666666667,0.276967560215569,0.005773502691897,0.254715527598928
000014,2023.04.20T10:04:00.000,2,4,3500,12480,9.109999999999999,9.835512820512821,0.049497474683059,0.332415402771893,0.293649450876381
000014,2023.04.20T10:04:06.000,6,2,5600,2100,9.178571428571428,9.207142857142857,0.022803508501983,0.141421356237309,0.067823299831253
000014,2023.04.20T10:04:12.000,5,4,6300,4000,9.179999999999999,9.19725,0,0.017320508075689,0.013228756555323
000014,2023.04.20T10:04:18.000,5,3,3800,4900,9.13078947368421,9.237755102040816,0.03807886552932,0.032145502536644,0.04688511795564
000014,2023.04.20T10:04:24.000,1,3,4000,3800,9.169999999999999,9.216842105263157,,0.041633319989323,0.037859388972002
000014,2023.04.20T10:04:30.000,6,3,3500,1800,9.174571428571429,9.196111111111111,0.018618986725025,0.005773502691896,0.01802775637732
000014,2023.04.20T10:04:36.000,6,4,10200,7200,9.114705882352941,9.185416666666666,0.272665851669523,0.008164965809277,0.220090890315796
000014,2023.04.20T10:04:42.000,4,2,2000,9700,9.1095,9.228762886597937,0.073654599313281,0.056568542494924,0.083526442918794
000014,2023.04.20T10:04:48.000,11,1,16800,5000,9.175714285714285,9.179999999999999,0.033763886032268,,0.032321772378645
000014,2023.04.20T10:04:54.000,2,1,1500,5000,9.126666666666666,9.25,0.035355339059328,,0.070945988845976
000014,2023.04.20T10:05:00.000,2,3,500,7100,8.996,9.196901408450704,0.162634559672906,0.01,0.106536378763313
000014,2023.04.20T10:05:06.000,2,1,2500,3600,9.109999999999999,9.179999999999999,0.035355339059328,,0.040414518843274
000014,2023.04.20T10:05:12.000,1,1,500,1700,9.099999999999999,9.179999999999999,,,0.056568542494924
000014,2023.04.20T10:05:18.000,0,2,0,2300,,9.157826086956522,,0.021213203435596,0.021213203435596
000014,2023.04.20T10:05:24.000,2,2,400,16500,9.179999999999999,9.176969696969697,0,0.007071067811865,0.005
000014,2023.04.20T10:05:30.000,9,0,6200,0,9.17774193548387,,0.006666666666667,,0.006666666666667
000014,2023.04.20T10:05:36.000,13,2,20800,5200,9.123605769230769,9.173653846153845,0.07603137004401,0.007071067811865,0.070898989179442
000014,2023.04.20T10:05:42.000,7,1,5700,1500,9.148947368421053,9.21,0.086877034063204,,0.085429586711597
000014,2023.04.20T10:05:48.000,9,2,5800,2500,9.179827586206895,9.179999999999999,0.013944333775568,0,0.012504544628399
000014,2023.04.20T10:05:54.000,4,0,11300,0,9.121061946902653,,0.022173557826084,,0.022173557826084
000014,2023.04.20T10:06:00.000,2,1,1500,1100,9.156666666666666,9.179999999999999,0.014142135623731,,0.015275252316519
000014,2023.04.20T10:06:06.000,7,1,4100,14960,9.206829268292683,9.199999999999999,0.437068154214616,,0.407025358985338
000014,2023.04.20T10:06:12.000,3,2,6900,2300,9.174492753623187,9.195217391304348,0.02,0.007071067811865,0.016733200530681
000014,2023.04.20T10:06:18.000,18,2,35000,14700,9.187971428571428,9.179999999999999,0.009983646759295,0,0.009986833437344
000014,2023.04.20T10:06:24.000,5,1,7700,100,9.192597402597401,9.199999999999999,0.008944271909999,,0.008366600265341
000014,2023.04.20T10:06:30.000,2,1,2500,100,9.061999999999999,9.199999999999999,0.007071067811865,,0.078102496759066
000014,2023.04.20T10:06:36.000,2,0,1700,0,9.18941176470588,,0.042426406871192,,0.042426406871192
000014,2023.04.20T10:06:42.000,2,1,2000,200,9.08,9.199999999999999,0.113137084989848,,0.105830052442583
000014,2023.04.20T10:06:48.000,5,1,4100,5000,9.154878048780487,9.24,0.213892496362075,,0.202155056000751
000014,2023.04.20T10:06:54.000,1,0,500,0,9.199999999999999,,,,
000014,2023.04.20T10:07:00.000,9,1,4200,1400,9.175714285714285,9.199999999999999,0.034641016151377,,0.033266599866332
000014,2023.04.20T10:07:06.000,14,1,10000,300,9.1856,9.199999999999999,0.010690449676497,,0.010327955589886
000014,2023.04.20T10:07:12.000,4,6,10300,3600,9.172135922330097,9.209166666666666,0.009574271077563,0.008366600265341,0.01873795909674
000014,2023.04.20T10:07:18.000,12,0,54800,0,9.162974452554744,,0.02562846428911,,0.02562846428911
000014,2023.04.20T10:07:24.000,14,1,21300,2500,9.200328638497651,9.199999999999999,0.036290948830707,,0.035010202594591
000014,2023.04.20T10:07:30.000,3,2,2000,5100,9.1925,9.200196078431373,0.017320508075688,0.007071067811867,0.015165750888103
000014,2023.04.20T10:07:36.000,3,1,3300,6200,9.154545454545454,9.289999999999999,0.104083299973306,,0.12138094304022
000014,2023.04.20T10:07:42.000,4,0,1700,0,9.208235294117647,,0.005000000000001,,0.005000000000001
000014,2023.04.20T10:07:48.000,2,0,4500,0,9.086666666666664,,0.120208152801713,,0.120208152801713
000014,2023.04.20T10:07:54.000,2,1,5700,1500,9.195964912280702,9.21,0.113137084989848,,0.09237604307034
000014,2023.04.20T10:08:00.000,2,1,1300,1100,9.163846153846153,9.22,0.042426406871193,,0.037859388972002
000014,2023.04.20T10:08:06.000,2,1,5000,3000,9.212799999999999,9.3,0.042426406871193,,0.070237691685685
000014,2023.04.20T10:08:12.000,11,0,11000,0,9.208454545454545,,0.014893561757289,,0.014893561757289
000014,2023.04.20T10:08:18.000,2,1,500,1300,9.22,9.23,0,,0.005773502691896
000014,2023.04.20T10:08:24.000,2,0,400,0,9.207499999999999,,0.035355339059328,,0.035355339059328
000014,2023.04.20T10:08:30.000,1,0,100,0,8.699999999999999,,,,
000014,2023.04.20T10:08:36.000,1,0,1000,0,9.15,,,,
000014,2023.04.20T10:08:42.000,1,1,300,1000,9.23,9.22,,,0.007071067811865
000014,2023.04.20T10:08:48.000,2,3,2700,4300,9.212222222222221,9.402093023255813,0.021213203435597,0.125033328890074,0.120540449642433
000014,2023.04.20T10:08:54.000,0,1,0,4000,,9.24,,,
000014,2023.04.20T10:09:00.000,2,2,3200,1400,9.193437499999999,9.23,0.035355339059328,0,0.02872281323269
000014,2023.04.20T10:09:12.000,1,17,100,5100,9.21,9.220392156862745,,0.002425356250363,0.00342997170285
000014,2023.04.20T10:09:18.000,2,2,3700,1800,9.161351351351351,9.22,0.042426406871193,0,0.033665016461207
000014,2023.04.20T10:09:24.000,2,1,600,1300,9.199999999999999,9.22,0,,0.011547005383793
000014,2023.04.20T10:09:30.000,1,0,3000,0,9.099999999999999,,,,
000014,2023.04.20T10:09:36.000,0,1,0,100,,9.24,,,
000014,2023.04.20T10:09:42.000,2,1,400,1400,9.054999999999999,9.179999999999999,0.155563491861041,,0.117189305541646
000014,2023.04.20T10:09:48.000,14,3,13300,1400,9.113684210526315,9.207857142857143,0.056897826297343,0.005773502691897,0.051897806822073
000014,2023.04.20T10:09:54.000,1,1,700,1000,9.169999999999999,9.349999999999999,,,0.127279220613578
000014,2023.04.20T10:10:00.000,0,2,0,300,,9.306666666666666,,0.205060966544098,0.205060966544098
000014,2023.04.20T10:10:06.000,1,0,5000,0,9.21,,,,
000014,2023.04.20T10:10:12.000,3,2,6000,2200,9.136666666666666,9.21,0.032145502536644,0,0.046151923036858
000014,2023.04.20T10:10:18.000,2,0,2100,0,9.18142857142857,,0.021213203435597,,0.021213203435597
000014,2023.04.20T10:10:24.000,1,2,1000,9900,9.22,9.224747474747474,,0.028284271247463,0.020816659994662
000014,2023.04.20T10:10:30.000,2,1,1200,2000,9.186666666666667,9.22,0.028284271247463,,0.023094010767586
000014,2023.04.20T10:10:36.000,0,1,0,15900,,9.21,,,
000014,2023.04.20T10:10:42.000,2,1,5100,1200,9.086470588235293,9.21,0.148492424049176,,0.121243556529822
000014,2023.04.20T10:10:48.000,1,0,1000,0,9.199999999999999,,,,
000014,2023.04.20T10:10:54.000,3,2,6100,4500,9.166721311475409,9.204444444444444,0.030550504633039,0.007071067811867,0.026832815729998
000014,2023.04.20T10:11:06.000,3,0,1300,0,9.209230769230769,,0.005773502691897,,0.005773502691897
000014,2023.04.20T10:11:12.000,39,1,19700,500,9.207157360406091,9.199999999999999,0.004675719001196,,0.004743416490253
000014,2023.04.20T10:11:18.000,2,2,700,1800,9.16,9.220000000000002,0.049497474683059,0,0.051881274720912
000014,2023.04.20T10:11:24.000,1,12,1100,2000,9.179999999999999,9.210000000000002,,0,0.008320502943379
000014,2023.04.20T10:11:30.000,1,2,500,2000,9.21,9.21,,0,0
000014,2023.04.20T10:11:36.000,14,2,1600,5500,9.178124999999999,9.200909090909091,0.039537157373625,0.007071067811867,0.037394295465128
000014,2023.04.20T10:11:42.000,0,1,0,6000,,9.21,,,
000014,2023.04.20T10:11:54.000,1,1,200,400,9.189999999999999,9.21,,,0.014142135623732
000014,2023.04.20T10:12:00.000,2,1,5400,1600,9.177777777777777,9.21,0.021213203435596,,0.03
000014,2023.04.20T10:12:06.000,2,1,2000,4800,9.1805,9.199999999999999,0.007071067811865,,0.01
000014,2023.04.20T10:12:12.000,0,1,0,100,,9.189999999999999,,,
000014,2023.04.20T10:12:18.000,2,1,300,500,9.179999999999999,9.189999999999999,0,,0.005773502691896
000014,2023.04.20T10:12:24.000,2,1,3300,1600,9.013636363636363,9.16,0.106066017177982,,0.089628864398325
000014,2023.04.20T10:12:30.000,0,3,0,7200,,9.2475,,0.051961524227066,0.051961524227066
000014,2023.04.20T10:12:36.000,2,0,2000,0,9.144999999999999,,0.063639610306789,,0.063639610306789
000014,2023.04.20T10:12:42.000,2,0,10000,0,9.144999999999999,,0.049497474683059,,0.049497474683059
000014,2023.04.20T10:12:48.000,0,1,0,1700,,9.16,,,
000014,2023.04.20T10:12:54.000,11,7,5000,1200,9.195999999999999,9.199999999999999,0.008090398349559,0,0.006467616667636
000014,2023.04.20T10:13:00.000,2,1,3000,100,9.190333333333333,9.189999999999999,0.007071067811865,,0.005773502691896
000014,2023.04.20T10:13:06.000,0,2,0,3700,,9.19135135135135,,0.007071067811865,0.007071067811865
000014,2023.04.20T10:13:12.000,1,1,100,600,9.15,9.199999999999999,,,0.035355339059327
000014,2023.04.20T10:13:24.000,0,3,0,3300,,9.192727272727273,,0.005773502691896,0.005773502691896
000014,2023.04.20T10:13:36.000,0,1,0,500,,9.189999999999999,,,
000014,2023.04.20T10:13:42.000,2,0,1200,0,9.168333333333332,,0.007071067811865,,0.007071067811865
000014,2023.04.20T10:13:48.000,0,1,0,3300,,9.179999999999999,,,
000014,2023.04.20T10:13:54.000,1,2,200,4400,9.099999999999999,9.217272727272726,,0.028284271247463,0.066583281184794
000014,2023.04.20T10:14:00.000,2,0,8800,0,9.136363636363636,,0.028284271247461,,0.028284271247461
000014,2023.04.20T10:14:06.000,1,1,300,900,9.189999999999999,9.189999999999999,,,0
000014,2023.04.20T10:14:12.000,1,2,500,1400,9,9.180714285714286,,0.007071067811865,0.106926766215636
000014,2023.04.20T10:14:18.000,1,1,1000,500,9.189999999999999,9.13,,,0.042426406871192
000014,2023.04.20T10:14:24.000,1,0,1000,0,9.15,,,,
000014,2023.04.20T10:14:30.000,0,1,0,1000,,9.21,,,
000014,2023.04.20T10:14:36.000,2,0,1700,0,9.124705882352941,,0.049497474683059,,0.049497474683059
000014,2023.04.20T10:14:42.000,1,1,2000,4800,9.15,9.189999999999999,,,0.028284271247461
000014,2023.04.20T10:14:48.000,0,1,0,3700,,9.23,,,
000014,2023.04.20T10:15:00.000,2,1,1600,100,8.5425,9.179999999999999,0.480832611206852,,0.392598183048945
000014,2023.04.20T10:15:06.000,0,6,0,3000,,9.179999999999999,,0,0
000014,2023.04.20T10:15:12.000,0,9,0,2900,,9.168275862068965,,0.008660254037844,0.008660254037844
000014,2023.04.20T10:15:18.000,4,11,1900,1100,9.090526315789473,9.189999999999999,0.065510813356779,0,0.052080523733743
000014,2023.04.20T10:15:24.000,2,1,2600,2200,9.121538461538461,9.179999999999999,0.056568542494924,,0.04618802153517
000014,2023.04.20T10:15:30.000,0,2,0,109100,,9.769459211732355,,0.417193000900063,0.417193000900063
000014,2023.04.20T10:15:36.000,2,1,1700,100,9.07,9.179999999999999,0.480832611206852,,0.414286535302963
000014,2023.04.20T10:15:42.000,8,0,3200,0,9.119687499999999,,0.059039938056491,,0.059039938056491
000014,2023.04.20T10:15:48.000,6,2,2700,2800,9.179999999999999,9.162857142857143,0,0.014142135623731,0.007071067811865
000014,2023.04.20T10:15:54.000,10,1,6900,3600,9.164202898550724,9.179999999999999,0.035730472522297,,0.034377582547616
000014,2023.04.20T10:16:00.000,2,0,2400,0,9.180833333333334,,0.007071067811865,,0.007071067811865
000014,2023.04.20T10:16:06.000,4,0,7200,0,9.161388888888888,,0.373363094051889,,0.373363094051889
000014,2023.04.20T10:16:12.000,1,1,100,2000,9.099999999999999,9.199999999999999,,,0.070710678118655
000014,2023.04.20T10:16:18.000,1,0,7000,0,9.179999999999999,,,,
000014,2023.04.20T10:16:24.000,2,1,7000,100,9.13,9.179999999999999,0.049497474683059,,0.051316014394469
000014,2023.04.20T10:16:30.000,3,3,4600,10400,9.162173913043478,9.179999999999999,0.01,0,0.012649110640673
000014,2023.04.20T10:16:36.000,2,5,500,500,9.038,9.185999999999999,0.537401153701776,0.005477225575052,0.286031966245533
000014,2023.04.20T10:16:42.000,6,3,3100,5900,9.166451612903225,9.178644067796609,0.01211060141639,0.005773502691896,0.010137937550497
000014,2023.04.20T10:16:48.000,4,5,11200,13800,9.179999999999999,9.193623188405796,0,0.042071367935925,0.030046260628866
000014,2023.04.20T10:16:54.000,2,1,800,1600,9.1125,9.179999999999999,0.127279220613578,,0.103923048454132
000014,2023.04.20T10:17:00.000,1,1,1900,64000,9.169999999999999,9.179999999999999,,,0.007071067811865
000014,2023.04.20T10:17:06.000,2,2,300,2400,8.923333333333333,9.126666666666666,0.523259018078045,0.056568542494924,0.361754981536767
000014,2023.04.20T10:17:12.000,1,0,500,0,9.169999999999999,,,,
000014,2023.04.20T10:17:18.000,2,0,1600,0,9.173125,,0.007071067811865,,0.007071067811865
000014,2023.04.20T10:17:24.000,2,0,1000,0,9.166,,0.014142135623731,,0.014142135623731
000014,2023.04.20T10:17:30.000,2,2,11000,6900,9.106363636363635,9.309130434782607,0.049497474683059,0.084852813742385,0.115866302262564
000014,2023.04.20T10:17:36.000,3,0,2200,0,9.139090909090908,,0.430155010819743,,0.430155010819743
000014,2023.04.20T10:17:42.000,1,0,200,0,8.81,,,,
000014,2023.04.20T10:17:48.000,0,2,0,2700,,9.696296296296296,,0.579827560572969,0.579827560572969
000014,2023.04.20T10:17:54.000,0,2,0,1600,,9.169999999999999,,0,0
000014,2023.04.20T10:18:00.000,2,3,53900,8900,9.160259740259739,9.185730337078652,0.007071067811865,0.161658075373095,0.126412024744484
000014,2023.04.20T10:18:06.000,2,0,200,0,8.8,,0.523259018078045,,0.523259018078045
000014,2023.04.20T10:18:12.000,2,1,4100,100,9.082195121951219,9.179999999999999,0.063639610306789,,0.055075705472861
000014,2023.04.20T10:18:18.000,2,2,6100,4800,9.157377049180327,9.158333333333333,0.049497474683059,0.014142135623731,0.033040379335998
000014,2023.04.20T10:18:24.000,2,0,2000,0,8.974999999999999,,0.247487373415291,,0.247487373415291
000014,2023.04.20T10:18:36.000,6,1,2800,6500,9.143571428571428,9.169999999999999,0.3014465126685,,0.279208063739468
000014,2023.04.20T10:19:00.000,1,1,100,100,9.169999999999999,9.179999999999999,,,0.007071067811865
000014,2023.04.20T10:19:06.000,2,0,5100,0,9.116274509803922,,0.494974746830584,,0.494974746830584
000014,2023.04.20T10:19:12.000,1,1,500,500,9.169999999999999,9.169999999999999,,,0
000014,2023.04.20T10:19:18.000,91,5,84000,2200,9.178214285714286,9.199999999999999,0.132860608879914,0,0.129708005407017
000014,2023.04.20T10:19:24.000,2,5,300,2100,9.179999999999999,9.197619047619047,0.021213203435596,0.008366600265341,0.011547005383792
000014,2023.04.20T10:19:30.000,1,2,3300,6700,9.189999999999999,9.201791044776118,,0.007071067811867,0.010000000000001
000014,2023.04.20T10:19:36.000,2,0,1100,0,9.111818181818181,,0.530330085889911,,0.530330085889911
000014,2023.04.20T10:19:42.000,1,0,300,0,9.189999999999999,,,,
000014,2023.04.20T10:19:48.000,4,0,400,0,8.625,,0.37,,0.37
000014,2023.04.20T10:19:54.000,2,0,2500,0,9.159599999999999,,0.014142135623731,,0.014142135623731
000014,2023.04.20T10:20:00.000,0,2,0,3000,,9.199666666666665,,0.007071067811865,0.007071067811865
000014,2023.04.20T10:20:06.000,3,5,1200,12000,9.127499999999999,9.206583333333332,0.441701256507155,0.039370039370059,0.275962600985817
000014,2023.04.20T10:20:12.000,1,3,100,1300,9.189999999999999,9.193846153846154,,0.005773502691896,0.005
000014,2023.04.20T10:20:18.000,5,2,1800,200,9.037222222222222,9.189999999999999,0.389140077607024,0,0.390713632801753
000014,2023.04.20T10:20:24.000,7,4,18000,1000,9.174166666666666,9.192999999999999,0.008997354108424,0.005,0.007745966692415
000014,2023.04.20T10:20:30.000,1,0,1000,0,9.179999999999999,,,,
000014,2023.04.20T10:20:36.000,1,2,100,1300,8.429999999999999,9.197692307692307,,0.007071067811865,0.441701256507155
000014,2023.04.20T10:20:42.000,3,0,2300,0,9.15391304347826,,0.017320508075688,,0.017320508075688
000014,2023.04.20T10:20:48.000,4,0,400,0,8.63,,0.38,,0.38
000014,2023.04.20T10:20:54.000,2,1,500,300,9.15,9.199999999999999,0.035355339059327,,0.032145502536642
000014,2023.04.20T10:21:00.000,3,0,6000,0,9.053333333333332,,0.090184995056458,,0.090184995056458
000014,2023.04.20T10:21:06.000,2,0,1100,0,9.120909090909091,,0.537401153701776,,0.537401153701776
000014,2023.04.20T10:21:12.000,4,0,2200,0,9.181818181818181,,0.02,,0.02
000014,2023.04.20T10:21:18.000,8,2,6800,6900,9.148235294117647,9.192753623188405,0.386113880314382,0.007071067811865,0.361638247731379
000014,2023.04.20T10:21:24.000,3,4,2200,2100,9.152727272727272,9.189999999999999,0.079372539331938,0,0.059160797830996
000014,2023.04.20T10:21:30.000,1,6,100,4200,9.189999999999999,9.175714285714285,,0.012247448713916,0.011338934190277
000014,2023.04.20T10:21:36.000,3,0,3400,0,9.166764705882352,,0.435928128632844,,0.435928128632844
000014,2023.04.20T10:21:42.000,2,1,3400,13000,9.17235294117647,9.189999999999999,0.014142135623731,,0.015275252316519
000014,2023.04.20T10:21:48.000,3,1,300,300,8.439999999999999,0,0,,4.22
000014,2023.04.20T10:21:54.000,1,2,100,400,8.439999999999999,9.189999999999999,,0,0.433012701892219
000014,2023.04.20T10:22:00.000,3,1,7200,1900,9.179999999999999,9.189999999999999,0,,0.005
000014,2023.04.20T10:22:06.000,2,0,1100,0,9.111818181818181,,0.530330085889911,,0.530330085889911
000014,2023.04.20T10:22:12.000,1,0,1000,0,9.189999999999999,,,,
000014,2023.04.20T10:22:18.000,3,1,300,900,8.439999999999999,9.16,0,,0.36
000014,2023.04.20T10:22:24.000,3,1,4600,2800,9.164999999999999,9.179999999999999,0.430155010819743,,0.37169656083065
000014,2023.04.20T10:22:30.000,1,3,1100,400,9.189999999999999,9.189999999999999,,0,0
000014,2023.04.20T10:22:36.000,1,1,100,100,8.429999999999999,9.189999999999999,,,0.537401153701776
000014,2023.04.20T10:22:42.000,0,1,0,1500,,9.189999999999999,,,
000014,2023.04.20T10:22:48.000,3,1,300,4700,8.439999999999999,9.22,0,,0.390000000000001
000014,2023.04.20T10:22:54.000,1,0,100,0,8.439999999999999,,,,
000014,2023.04.20T10:23:00.000,1,2,1200,5100,9.189999999999999,9.210196078431373,,0.056568542494924,0.040414518843274
000014,2023.04.20T10:23:06.000,5,2,1900,3300,9.035789473684211,9.179999999999999,0.307603641070778,0,0.275490903833934
000014,2023.04.20T10:23:12.000,0,2,0,1000,,9.189,,0.007071067811865,0.007071067811865
000014,2023.04.20T10:23:18.000,4,0,600,0,8.81,,0.37,,0.37
000014,2023.04.20T10:23:24.000,1,1,100,300,8.439999999999999,9.189999999999999,,,0.530330085889911
000014,2023.04.20T10:23:30.000,3,1,2500,1900,9.186799999999999,9.16,0.005773502691896,,0.014142135623731
000014,2023.04.20T10:23:36.000,1,1,100,300,8.429999999999999,0,,,5.960910165402596
000014,2023.04.20T10:23:42.000,1,1,2000,200,9.179999999999999,9.189999999999999,,,0.007071067811865
000014,2023.04.20T10:23:48.000,7,1,4500,5000,9.117333333333332,9.189999999999999,0.39293765408777,,0.38204104117602
000014,2023.04.20T10:23:54.000,3,0,900,0,9.076666666666666,,0.412835721968598,,0.412835721968598
000014,2023.04.20T10:24:00.000,3,2,1000,9400,9.182,9.191489361702128,0.015275252316519,0.014142135623731,0.014832396974191
000014,2023.04.20T10:24:06.000,2,2,1100,200,9.111818181818181,9.189999999999999,0.530330085889911,0,0.37836270076916
000014,2023.04.20T10:24:12.000,1,4,2000,1200,9.189999999999999,9.180833333333334,,0.005,0.005477225575052
000014,2023.04.20T10:24:18.000,5,3,1100,400,8.963636363636363,9.189999999999999,0.39436024140372,0,0.382153204132285
000014,2023.04.20T10:24:24.000,2,6,400,2300,9.002499999999999,9.183478260869565,0.530330085889911,0.005163977794943,0.264193516736718
000014,2023.04.20T10:24:30.000,0,17,0,16900,,9.185562130177514,,0.003321055820775,0.003321055820775
000014,2023.04.20T10:24:36.000,1,2,100,300,8.429999999999999,9.179999999999999,,0,0.433012701892219
000014,2023.04.20T10:24:42.000,2,3,1500,2200,9.178666666666666,9.186363636363635,0.007071067811865,0.01,0.008366600265341
000014,2023.04.20T10:24:48.000,3,0,300,0,8.439999999999999,,0,,0
000014,2023.04.20T10:24:54.000,2,0,1100,0,9.094545454545453,,0.509116882454315,,0.509116882454315
000014,2023.04.20T10:25:00.000,0,4,0,3900,,8.473333333333332,,4.588335754933373,4.588335754933373
000014,2023.04.20T10:25:06.000,1,6,100,3700,8.429999999999999,9.177297297297297,,0.005163977794943,0.282252841733554
000014,2023.04.20T10:25:12.000,3,2,3400,1800,9.160588235294117,9.179999999999999,0.011547005383792,0,0.010954451150103
000014,2023.04.20T10:25:18.000,5,2,1300,1900,9.005384615384615,9.170526315789473,0.402591604482756,0.007071067811865,0.392895236248375
000014,2023.04.20T10:25:24.000,1,4,100,6900,8.439999999999999,9.234202898550725,,0.311702315251802,0.481850599252507
000014,2023.04.20T10:25:30.000,0,5,0,1200,,9.176666666666665,,0.004472135954999,0.004472135954999
000014,2023.04.20T10:25:36.000,4,2,1500,2100,9.121999999999999,9.155714285714285,0.37169656083065,0.021213203435596,0.302302276978965
000014,2023.04.20T10:25:42.000,2,1,2200,100,9.170909090909091,9.179999999999999,0.007071067811865,,0.005773502691896
000014,2023.04.20T10:25:48.000,4,1,1300,500,9.00153846153846,9.25,0.365,,0.422693742560734
000014,2023.04.20T10:25:54.000,3,1,1300,1200,9.113846153846154,9.15,0.421465696508427,,0.361789533661032
000014,2023.04.20T10:26:00.000,2,2,1200,11600,9.178333333333332,9.196034482758621,0.007071067811865,0.014142135623731,0.012583057392118
000014,2023.04.20T10:26:06.000,3,0,1100,0,9.098181818181817,,0.424381903478459,,0.424381903478459
000014,2023.04.20T10:26:12.000,1,0,300,0,9.179999999999999,,,,
000014,2023.04.20T10:26:18.000,3,2,300,1000,8.439999999999999,9.179999999999999,0,0,0.405314692553823
000014,2023.04.20T10:26:24.000,4,3,2600,900,9.138846153846154,9.172222222222222,0.361789533661032,0.005773502691896,0.275430399124543
000014,2023.04.20T10:26:36.000,3,2,21000,1300,9.166095238095238,7.053846153846154,0.416173040933697,6.484169183480641,4.02608991454488
000014,2023.04.20T10:26:42.000,0,2,0,2200,,9.170909090909091,,0.007071067811865,0.007071067811865
000014,2023.04.20T10:26:48.000,7,2,2000,200,9.045999999999999,9.179999999999999,0.348219963323677,0,0.345607355888795
000014,2023.04.20T10:26:54.000,2,2,200,200,8.72,9.169999999999999,0.395979797464467,0.014142135623731,0.346169515314872
000014,2023.04.20T10:27:00.000,1,1,300,2300,10.31,9.15,,,0.820243866176395
000014,2023.04.20T10:27:06.000,2,2,200,400,8.804999999999999,9.179999999999999,0.530330085889911,0,0.375
000014,2023.04.20T10:27:12.000,2,1,3000,1500,9.169999999999999,9.15,0,,0.011547005383792
000014,2023.04.20T10:27:18.000,6,1,2300,1400,9.076521739130434,9.179999999999999,0.401679806147467,,0.392895236248375
000014,2023.04.20T10:27:24.000,4,0,1600,0,9.11625,,0.348269531637016,,0.348269531637016
000014,2023.04.20T10:27:30.000,4,3,4000,10200,9.144,9.179803921568627,0.017320508075688,0.005773502691896,0.014142135623731
000014,2023.04.20T10:27:36.000,1,2,100,5300,8.429999999999999,8.487169811320754,,6.491240251292507,5.09738168082399
000014,2023.04.20T10:27:42.000,2,0,5000,0,9.061999999999999,,0.077781745930521,,0.077781745930521
000014,2023.04.20T10:27:48.000,3,2,300,10300,8.439999999999999,9.170291262135922,0,0.007071067811865,0.402591604482756
000014,2023.04.20T10:27:54.000,2,11,900,22900,9.097777777777777,9.250742358078602,0.523259018078045,0.024007574562284,0.208486610281492
000014,2023.04.20T10:28:00.000,1,1,1200,500,9.15,9.169999999999999,,,0.014142135623731
000014,2023.04.20T10:28:06.000,1,3,100,1700,8.429999999999999,9.179999999999999,,0,0.375
000014,2023.04.20T10:28:12.000,2,1,3900,3000,9.172820512820512,9.179999999999999,0.007071067811865,,0.005773502691896
000014,2023.04.20T10:28:18.000,4,4,400,1300,8.605,9.179999999999999,0.33,0,0.375680335239568
000014,2023.04.20T10:28:24.000,2,0,200,0,8.81,,0.523259018078045,,0.523259018078045
000014,2023.04.20T10:28:30.000,0,1,0,100,,9.179999999999999,,,
000014,2023.04.20T10:28:36.000,1,0,100,0,8.429999999999999,,,,
000014,2023.04.20T10:28:42.000,1,0,5000,0,9.15,,,,
000014,2023.04.20T10:28:48.000,4,1,1300,300,9.009230769230768,9.169999999999999,0.37,,0.402591604482756
000014,2023.04.20T10:28:54.000,2,2,11900,3000,9.094453781512605,9.179999999999999,0.466690475583121,0,0.35865489447843
000014,2023.04.20T10:29:00.000,1,1,1000,1600,9.169999999999999,9.179999999999999,,,0.007071067811865
000014,2023.04.20T10:29:06.000,4,0,3200,0,9.1553125,,0.37169656083065,,0.37169656083065
000014,2023.04.20T10:29:12.000,1,2,500,200,9.169999999999999,9.179999999999999,,0,0.005773502691896
000014,2023.04.20T10:29:18.000,4,6,800,3300,8.883749999999999,9.164848484848484,0.355,0.01211060141639,0.352812509226454
000014,2023.04.20T10:29:24.000,3,2,7100,2200,9.152676056338028,9.170454545454544,0.397156560229506,0.007071067811865,0.320437201335925
000014,2023.04.20T10:29:30.000,2,6,800,1600,9.117499999999999,9.17375,0.049497474683059,0.004082482904639,0.027645717829091
000014,2023.04.20T10:29:36.000,3,1,2500,100,9.140399999999999,9.179999999999999,0.427239199200323,,0.37169656083065
000014,2023.04.20T10:29:42.000,2,0,2500,0,9.167999999999999,,0.007071067811865,,0.007071067811865
000014,2023.04.20T10:29:48.000,3,1,300,300,8.439999999999999,9.179999999999999,0,,0.37
000014,2023.04.20T10:29:54.000,3,0,8500,0,9.101294117647059,,0.391279950930277,,0.391279950930277
000014,2023.04.20T10:30:00.000,1,0,300,0,9.179999999999999,,,,
000014,2023.04.20T10:30:06.000,0,1,0,100,,9.179999999999999,,,
000014,2023.04.20T10:30:12.000,1,1,500,1200,9.179999999999999,9.15,,,0.021213203435596
000014,2023.04.20T10:30:18.000,3,2,300,200,8.439999999999999,9.179999999999999,0,0,0.405314692553823
000014,2023.04.20T10:30:24.000,1,1,100,200,8.439999999999999,9.179999999999999,,,0.523259018078045
000014,2023.04.20T10:30:30.000,0,1,0,100,,9.179999999999999,,,
000014,2023.04.20T10:30:36.000,3,2,9500,500,9.16736842105263,9.179999999999999,0.01,0,0.008944271909999
000014,2023.04.20T10:30:42.000,0,2,0,1400,,9.178571428571428,,0.014142135623731,0.014142135623731
000014,2023.04.20T10:30:48.000,3,1,300,400,8.439999999999999,9.179999999999999,0,,0.37
000014,2023.04.20T10:30:54.000,1,0,100,0,8.439999999999999,,,,
000014,2023.04.20T10:31:06.000,1,0,2200,0,9.16,,,,
000014,2023.04.20T10:31:12.000,2,0,400,0,9.179999999999999,,0,,0
000014,2023.04.20T10:31:18.000,4,3,600,2800,8.81,9.162857142857143,0.37,0.017320508075688,0.391681357373932
000014,2023.04.20T10:31:24.000,1,0,100,0,8.439999999999999,,,,
000014,2023.04.20T10:31:36.000,1,1,200,3000,8.439999999999999,9.179999999999999,,,0.523259018078045
000014,2023.04.20T10:31:48.000,4,0,1300,0,9.00153846153846,,0.365,,0.365
000014,2023.04.20T10:31:54.000,1,0,100,0,8.439999999999999,,,,
000014,2023.04.20T10:32:00.000,1,0,600,0,9.179999999999999,,,,
000014,2023.04.20T10:32:06.000,1,0,1000,0,9.16,,,,
000014,2023.04.20T10:32:12.000,3,0,3100,0,9.173225806451613,,0.005773502691896,,0.005773502691896
000014,2023.04.20T10:32:18.000,4,1,1100,1800,8.978181818181818,9.15,0.37,,0.397240481320824
000014,2023.04.20T10:32:24.000,3,10,21300,4200,9.163427230046949,9.177619047619048,0.403773864103824,0.008232726023485,0.205582349836027
000014,2023.04.20T10:32:30.000,0,33,0,4800,,9.180208333333332,,0.004666937221594,0.004666937221594
000014,2023.04.20T10:32:36.000,1,1,500,100,9.179999999999999,9.179999999999999,,,0
000014,2023.04.20T10:32:42.000,3,2,6300,1400,9.162380952380951,9.179999999999999,0.681933525597132,0,0.5175712511336
000014,2023.04.20T10:32:48.000,3,2,300,200,8.439999999999999,9.179999999999999,0,0,0.405314692553823
000014,2023.04.20T10:32:54.000,1,0,100,0,8.439999999999999,,,,
000014,2023.04.20T10:33:12.000,1,0,2700,0,9.179999999999999,,,,
000014,2023.04.20T10:33:18.000,4,1,6900,1100,9.147826086956522,9.189999999999999,0.37,,0.408068621680227
000014,2023.04.20T10:33:24.000,2,0,200,0,8.81,,0.523259018078045,,0.523259018078045
000014,2023.04.20T10:33:30.000,3,0,1700,0,9.165882352941176,,0.064291005073286,,0.064291005073286
000014,2023.04.20T10:33:36.000,0,1,0,2100,,9.179999999999999,,,
000014,2023.04.20T10:33:42.000,1,1,100,500,9.189999999999999,9.179999999999999,,,0.007071067811865
000014,2023.04.20T10:33:48.000,4,24,500,14700,8.704,9.187619047619048,0.33,0.002823298512866,0.232836205115739
000014,2023.04.20T10:33:54.000,1,7,100,1200,8.439999999999999,9.179999999999999,,0,0.261629509039023
000014,2023.04.20T10:34:00.000,1,2,500,200,9.179999999999999,9.179999999999999,,0,0
000014,2023.04.20T10:34:06.000,1,0,2000,0,9.179999999999999,,,,
000014,2023.04.20T10:34:12.000,2,0,1400,0,9.087142857142856,,0.09192388155425,,0.09192388155425
000014,2023.04.20T10:34:18.000,0,1,0,100,,9.189999999999999,,,
000014,2023.04.20T10:34:24.000,1,1,100,3000,8.439999999999999,9.25,,,0.572756492761104
000014,2023.04.20T10:34:30.000,2,0,5500,0,9.181818181818181,,0.014142135623731,,0.014142135623731
000014,2023.04.20T10:34:36.000,1,0,1000,0,9.179999999999999,,,,
000014,2023.04.20T10:34:48.000,1,0,200,0,9.14,,,,
000014,2023.04.20T10:34:54.000,2,1,1100,100,9.112727272727273,9.189999999999999,0.523259018078045,,0.430155010819743
000014,2023.04.20T10:35:00.000,2,0,1500,0,9.176666666666665,,0.007071067811865,,0.007071067811865
000014,2023.04.20T10:35:06.000,2,0,4500,0,9.101777777777778,,0.056568542494924,,0.056568542494924
000014,2023.04.20T10:35:12.000,1,0,1200,0,9.16,,,,
000014,2023.04.20T10:35:18.000,0,1,0,1500,,9.16,,,
000014,2023.04.20T10:35:24.000,1,2,100,2500,8.439999999999999,9.162399999999999,,0.014142135623731,0.421584313433664
000014,2023.04.20T10:35:30.000,1,1,200,100,9.179999999999999,9.179999999999999,,,0
000014,2023.04.20T10:35:36.000,1,0,200,0,9.179999999999999,,,,
000014,2023.04.20T10:35:42.000,2,1,2100,700,9.169047619047619,9.169999999999999,0.014142135623731,,0.011547005383792
000014,2023.04.20T10:35:48.000,1,0,200,0,9.189999999999999,,,,
000014,2023.04.20T10:35:54.000,2,0,400,0,8.994999999999999,,0.523259018078045,,0.523259018078045
000014,2023.04.20T10:36:12.000,2,0,3000,0,9.183333333333333,,0.007071067811865,,0.007071067811865
000014,2023.04.20T10:36:18.000,1,0,1000,0,9.179999999999999,,,,
000014,2023.04.20T10:36:24.000,1,0,100,0,8.439999999999999,,,,
000014,2023.04.20T10:36:36.000,2,0,4000,0,9.181499999999999,,0.007071067811865,,0.007071067811865
000014,2023.04.20T10:36:48.000,1,4,4500,2200,9.189999999999999,9.169545454545454,,0.015,0.013416407864998
000014,2023.04.20T10:36:54.000,0,2,0,3300,,9.278484848484849,,0.176776695296637,0.176776695296637
000014,2023.04.20T10:37:00.000,0,2,0,400,,9.189999999999999,,0,0
000014,2023.04.20T10:37:12.000,0,1,0,300,,9.189999999999999,,,
000014,2023.04.20T10:37:18.000,0,37,0,17400,,9.179540229885057,,0.00393261560103,0.00393261560103
000014,2023.04.20T10:37:24.000,1,2,100,1200,9.169999999999999,9.161666666666667,,0.014142135623731,0.01
000014,2023.04.20T10:37:30.000,1,4,1100,2400,9.169999999999999,9.179999999999999,,0,0.004472135954999
000014,2023.04.20T10:37:36.000,0,6,0,2100,,9.179999999999999,,0,0
000014,2023.04.20T10:37:42.000,1,3,1000,500,9.169999999999999,9.179999999999999,,0,0.005
000014,2023.04.20T10:37:48.000,0,2,0,200,,9.179999999999999,,0,0
000014,2023.04.20T10:38:00.000,0,4,0,600,,9.179999999999999,,0,0
000014,2023.04.20T10:38:06.000,1,0,100,0,9.169999999999999,,,,
000014,2023.04.20T10:38:18.000,3,1,2200,1500,9.175454545454545,9.15,0.005773502691896,,0.014142135623731
000014,2023.04.20T10:38:36.000,1,1,2100,1100,9.179999999999999,9.179999999999999,,,0
000014,2023.04.20T10:38:42.000,1,0,9300,0,9.179999999999999,,,,
000014,2023.04.20T10:38:48.000,1,1,100,1300,9.169999999999999,9.8,,,0.445477272147526
000014,2023.04.20T10:38:54.000,1,0,1000,0,9.179999999999999,,,,
000014,2023.04.20T10:39:00.000,0,1,0,100,,9.189999999999999,,,
000014,2023.04.20T10:39:06.000,3,4,800,400,9.134999999999999,9.189999999999999,0.052915026221292,0,0.037289089429432
000014,2023.04.20T10:39:12.000,2,2,1400,200,9.185714285714285,9.185,0.014142135623731,0.007071067811865,0.009574271077563
000014,2023.04.20T10:39:18.000,1,1,100,1000,9.169999999999999,9.189999999999999,,,0.014142135623731
000014,2023.04.20T10:39:24.000,0,2,0,300,,9.183333333333333,,0.007071067811865,0.007071067811865
000014,2023.04.20T10:39:30.000,0,1,0,100,,9.189999999999999,,,
000014,2023.04.20T10:39:36.000,1,0,1000,0,9.179999999999999,,,,
000014,2023.04.20T10:39:42.000,1,0,100,0,9.179999999999999,,,,
000014,2023.04.20T10:39:48.000,0,6,0,21800,,9.19426605504587,,0.008366600265341,0.008366600265341
000014,2023.04.20T10:39:54.000,0,5,0,1300,,9.181538461538462,,0.005477225575052,0.005477225575052
000014,2023.04.20T10:40:00.000,2,3,400,1800,9.169999999999999,9.19111111111111,0.014142135623731,0.011547005383792,0.014142135623731
000014,2023.04.20T10:40:06.000,0,2,0,300,,9.183333333333333,,0.007071067811865,0.007071067811865
000014,2023.04.20T10:40:12.000,0,1,0,200,,9.189999999999999,,,
000014,2023.04.20T10:40:18.000,1,5,300,3200,9,9.17375,,0.008944271909999,0.072295689129205
000014,2023.04.20T10:40:24.000,0,1,0,1000,,10,,,
000014,2023.04.20T10:40:30.000,1,0,20000,0,9.16,,,,
000014,2023.04.20T10:40:36.000,1,0,1000,0,9.169999999999999,,,,
000014,2023.04.20T10:40:42.000,1,0,1600,0,9.099999999999999,,,,
000014,2023.04.20T10:40:48.000,0,1,0,100,,9.179999999999999,,,
000014,2023.04.20T10:40:54.000,2,0,3700,0,9.17027027027027,,0.007071067811865,,0.007071067811865
000014,2023.04.20T10:41:00.000,2,0,1100,0,9.179999999999999,,0,,0
000014,2023.04.20T10:41:06.000,0,2,0,5700,,9.179999999999999,,0,0
000014,2023.04.20T10:41:12.000,0,5,0,1300,,9.179999999999999,,0,0
000014,2023.04.20T10:41:24.000,1,1,1200,100,9.169999999999999,9.179999999999999,,,0.007071067811865
000014,2023.04.20T10:41:36.000,1,4,200,2000,9.08,9.178499999999999,,0.005,0.043817804600413
000014,2023.04.20T10:41:42.000,2,1,1200,2100,9.166666666666666,9.15,0.014142135623731,,0.011547005383792
000014,2023.04.20T10:41:54.000,1,0,500,0,9.169999999999999,,,,
000014,2023.04.20T10:42:06.000,1,0,1000,0,9.179999999999999,,,,
000014,2023.04.20T10:42:12.000,0,7,0,700,,9.179999999999999,,0,0
000014,2023.04.20T10:42:18.000,2,0,1100,0,9.179999999999999,,0,,0
000014,2023.04.20T10:42:24.000,6,0,1300,0,9.169999999999999,,0,,0
000014,2023.04.20T10:42:42.000,0,1,0,500,,9.179999999999999,,,
000014,2023.04.20T10:42:54.000,1,1,4700,3400,9.179999999999999,9.169999999999999,,,0.007071067811865
000014,2023.04.20T10:43:00.000,1,1,5000,100,9.169999999999999,9.179999999999999,,,0.007071067811865
000014,2023.04.20T10:43:06.000,2,3,1400,1400,9.172857142857143,9.178571428571428,0.007071067811865,0.005773502691896,0.005477225575052
000014,2023.04.20T10:43:12.000,0,5,0,1800,,9.179999999999999,,0,0
000014,2023.04.20T10:43:18.000,1,1,300,100,9.169999999999999,9.179999999999999,,,0.007071067811865
000014,2023.04.20T10:43:24.000,0,4,0,400,,9.179999999999999,,0,0
000014,2023.04.20T10:43:30.000,2,1,1000,2100,9.162,9.15,0.014142135623731,,0.011547005383792
000014,2023.04.20T10:43:42.000,0,1,0,100,,9.179999999999999,,,
000014,2023.04.20T10:43:48.000,1,0,500,0,9.169999999999999,,,,
000014,2023.04.20T10:44:00.000,1,1,600,2300,9.169999999999999,9.15,,,0.014142135623731
000014,2023.04.20T10:44:06.000,1,1,100,100,9.169999999999999,9.179999999999999,,,0.007071067811865
000014,2023.04.20T10:44:12.000,1,5,300,800,9.14,9.179999999999999,,0,0.016329931618554
000014,2023.04.20T10:44:18.000,3,1,1900,100,9.179999999999999,9.179999999999999,0,,0
000014,2023.04.20T10:44:24.000,0,2,0,200,,9.179999999999999,,0,0
000014,2023.04.20T10:44:30.000,2,1,1400,900,9.179999999999999,9.179999999999999,0,,0
000014,2023.04.20T10:44:36.000,1,2,100,1600,8.46,9.179999999999999,,0,0.41569219381653
000014,2023.04.20T10:44:42.000,3,3,2700,1100,9.165555555555554,9.178181818181817,0.01,0.005773502691896,0.007527726527091
000014,2023.04.20T10:44:48.000,9,0,10800,0,9.168425925925925,,0.056666666666667,,0.056666666666667
000014,2023.04.20T10:45:00.000,15,7,4300,900,9.179999999999999,9.197777777777778,0,0.073872476993416,0.040962447167156
000014,2023.04.20T10:45:06.000,7,0,1100,0,9.179999999999999,,0,,0
000014,2023.04.20T10:45:12.000,1,1,200,100,9.169999999999999,9.189999999999999,,,0.014142135623731
000014,2023.04.20T10:45:18.000,5,1,1100,1300,9.174545454545453,9.189999999999999,0.004472135954999,,0.006324555320337
000014,2023.04.20T10:45:30.000,31,7,16900,10700,9.157810650887574,9.180280373831775,0.007463171224833,0.005345224838248,0.007352146220938
000014,2023.04.20T10:45:36.000,2,6,400,900,9.179999999999999,9.186666666666667,0,0.005477225575052,0.005175491695068
000014,2023.04.20T10:45:42.000,3,0,5200,0,9.170384615384614,,0.01,,0.01
000014,2023.04.20T10:45:48.000,0,1,0,100,,9.189999999999999,,,
000014,2023.04.20T10:46:00.000,1,2,1000,3600,9.169999999999999,9.180833333333334,,0.021213203435596,0.015275252316519
000014,2023.04.20T10:46:06.000,1,0,200,0,9.179999999999999,,,,
000014,2023.04.20T10:46:12.000,3,0,7500,0,9.178,,0.005773502691896,,0.005773502691896
000014,2023.04.20T10:46:24.000,1,0,4300,0,9.179999999999999,,,,
000014,2023.04.20T10:46:30.000,1,1,100,1200,9.15,9.189999999999999,,,0.028284271247461
000014,2023.04.20T10:46:36.000,0,4,0,3400,,9.178529411764705,,0.017078251276599,0.017078251276599
000014,2023.04.20T10:46:48.000,2,2,1800,700,9.174444444444445,9.18142857142857,0.014142135623731,0.007071067811865,0.012583057392118
000014,2023.04.20T10:47:00.000,1,1,1100,300,9.189999999999999,9.179999999999999,,,0.007071067811865
000014,2023.04.20T10:47:06.000,1,0,1000,0,9.179999999999999,,,,
000014,2023.04.20T10:47:12.000,3,1,4100,2500,9.177560975609756,9.16,0.011547005383792,,0.011547005383792
000014,2023.04.20T10:47:18.000,1,1,2000,100,9.099999999999999,9.189999999999999,,,0.063639610306789
000014,2023.04.20T10:47:24.000,1,0,5000,0,9.179999999999999,,,,
000014,2023.04.20T10:47:30.000,0,4,0,400,,9.189999999999999,,0,0
000014,2023.04.20T10:47:36.000,1,7,5000,10400,9.169999999999999,9.189711538461539,,0.003779644730092,0.007440238091428
000014,2023.04.20T10:47:42.000,1,0,1000,0,9.179999999999999,,,,
000014,2023.04.20T10:47:48.000,0,1,0,1120,,9.179999999999999,,,
000014,2023.04.20T10:47:54.000,1,0,1700,0,9.16,,,,
000014,2023.04.20T10:48:00.000,0,2,0,2200,,9.630454545454545,,0.81317279836453,0.81317279836453
000014,2023.04.20T10:48:06.000,1,4,1000,9700,9.179999999999999,9.179999999999999,,0,0
000014,2023.04.20T10:48:12.000,0,1,0,100,,9.189999999999999,,,
000014,2023.04.20T10:48:18.000,2,0,1300,0,9.177692307692307,,0.007071067811865,,0.007071067811865
000014,2023.04.20T10:48:24.000,5,0,10900,0,9.180550458715595,,0.004472135954999,,0.004472135954999
000014,2023.04.20T10:48:30.000,0,2,0,700,,9.241428571428571,,0.042426406871193,0.042426406871193
000014,2023.04.20T10:48:36.000,1,0,300,0,9.189999999999999,,,,
000014,2023.04.20T10:48:48.000,2,0,4000,0,9.144999999999999,,0.042426406871193,,0.042426406871193
000014,2023.04.20T10:48:54.000,2,0,2500,0,9.179999999999999,,0,,0
000014,2023.04.20T10:49:00.000,0,1,0,300,,9.22,,,
000014,2023.04.20T10:49:06.000,0,4,0,4100,,9.180731707317073,,0.005,0.005
000014,2023.04.20T10:49:12.000,1,2,200,200,9.16,9.189999999999999,,0,0.017320508075688
000014,2023.04.20T10:49:18.000,1,4,100,2900,9.099999999999999,9.176551724137931,,0.015,0.039115214431216
000014,2023.04.20T10:49:24.000,1,0,1000,0,9.169999999999999,,,,
000014,2023.04.20T10:49:30.000,0,1,0,200,,9.5,,,
000014,2023.04.20T10:49:36.000,0,2,0,200,,9.189999999999999,,0,0
000014,2023.04.20T10:49:42.000,1,4,1100,400,9.169999999999999,9.189999999999999,,0,0.008944271909999
000014,2023.04.20T10:49:48.000,0,2,0,3000,,9.176999999999999,,0.021213203435596,0.021213203435596
000014,2023.04.20T10:50:00.000,1,1,53600,2400,9.169999999999999,9.16,,,0.007071067811865
000014,2023.04.20T10:50:12.000,1,0,1800,0,9.179999999999999,,,,
000014,2023.04.20T10:50:18.000,0,1,0,100,,9.189999999999999,,,
000014,2023.04.20T10:50:30.000,0,1,0,100,,9.189999999999999,,,
000014,2023.04.20T10:50:36.000,0,3,0,300,,9.189999999999999,,0,0
000014,2023.04.20T10:50:42.000,0,4,0,2100,,9.17142857142857,,0.015,0.015
000014,2023.04.20T10:50:48.000,1,1,1000,100,9.15,9.189999999999999,,,0.028284271247461
000014,2023.04.20T10:51:00.000,2,1,200,100,9.179999999999999,9.189999999999999,0,,0.005773502691896
000014,2023.04.20T10:51:12.000,1,1,10500,100,9.179999999999999,9.179999999999999,,,0
000014,2023.04.20T10:51:24.000,1,0,1000,0,9.169999999999999,,,,
000014,2023.04.20T10:51:30.000,0,6,0,4000,,9.17725,,0.012247448713916,0.012247448713916
000014,2023.04.20T10:51:36.000,0,2,0,300,,9.183333333333333,,0.007071067811865,0.007071067811865
000014,2023.04.20T10:51:42.000,1,1,1300,100,9.179999999999999,9.189999999999999,,,0.007071067811865
000014,2023.04.20T10:51:48.000,0,3,0,300,,9.189999999999999,,0,0
000014,2023.04.20T10:51:54.000,0,4,0,400,,9.189999999999999,,0,0
000014,2023.04.20T10:52:00.000,1,2,100,1400,9.15,9.161428571428571,,0.014142135623731,0.015275252316519
000014,2023.04.20T10:52:18.000,3,1,10300,100,9.17990291262136,9.189999999999999,0.005773502691896,,0.008164965809277
000014,2023.04.20T10:52:30.000,0,1,0,600,,9.189999999999999,,,
000014,2023.04.20T10:52:36.000,0,11,0,1100,,9.189999999999999,,0,0
000014,2023.04.20T10:52:42.000,0,3,0,300,,9.189999999999999,,0,0
000014,2023.04.20T10:52:48.000,1,4,700,400,9.179999999999999,9.189999999999999,,0,0.004472135954999
000014,2023.04.20T10:53:00.000,0,1,0,100,,9.189999999999999,,,
000014,2023.04.20T10:53:06.000,1,0,1000,0,9.179999999999999,,,,
000014,2023.04.20T10:53:12.000,1,2,200,2200,9.169999999999999,9.184545454545453,,0.007071067811865,0.01
000014,2023.04.20T10:53:18.000,1,3,1000,1500,9.179999999999999,9.162666666666666,,0.011547005383792,0.01
000014,2023.04.20T10:53:24.000,3,5,7800,4100,9.177948717948718,9.174634146341462,0.011547005383792,0.013038404810405,0.012464234547582
000014,2023.04.20T10:53:30.000,0,1,0,700,,9.189999999999999,,,
000014,2023.04.20T10:53:48.000,2,0,700,0,9.188571428571428,,0.007071067811865,,0.007071067811865
000014,2023.04.20T10:53:54.000,15,2,45000,200,9.188288888888889,9.199999999999999,0.007745966692415,0,0.008269362305594
000014,2023.04.20T10:54:00.000,2,12,5300,1500,9.189999999999999,9.173333333333333,0,0.028867513459481,0.026561146539532
000014,2023.04.20T10:54:06.000,2,3,400,700,9.172499999999999,9.199999999999999,0.049497474683059,0,0.034928498393146
000014,2023.04.20T10:54:18.000,1,4,5000,1600,9.189999999999999,9.195624999999999,,0.005,0.004472135954999
000014,2023.04.20T10:54:24.000,1,6,100,600,9.189999999999999,9.199999999999999,,0,0.003779644730092
000014,2023.04.20T10:54:30.000,0,4,0,400,,9.197499999999999,,0.005,0.005
000014,2023.04.20T10:54:36.000,2,1,6200,100,9.170483870967741,9.199999999999999,0.021213203435596,,0.017320508075688
000014,2023.04.20T10:54:42.000,0,2,0,1400,,9.199999999999999,,0,0
000014,2023.04.20T10:54:48.000,1,0,400,0,9.179999999999999,,,,
000014,2023.04.20T10:54:54.000,0,2,0,10000,,9.209900000000001,,0.007071067811867,0.007071067811867
000014,2023.04.20T10:55:06.000,2,0,700,0,9.169999999999999,,0.049497474683059,,0.049497474683059
000014,2023.04.20T10:55:12.000,1,1,3900,1100,9.189999999999999,10.31,,,0.791959594928934
000014,2023.04.20T10:55:18.000,1,0,2000,0,9.179999999999999,,,,
000014,2023.04.20T10:55:36.000,0,1,0,2000,,9.4,,,
000014,2023.04.20T10:55:42.000,1,0,300,0,9,,,,
000014,2023.04.20T10:55:54.000,1,1,1000,2200,9.189999999999999,9.369999999999999,,,0.127279220613578
000014,2023.04.20T10:56:00.000,1,1,5000,1700,9.189999999999999,9.169999999999999,,,0.014142135623731
000014,2023.04.20T10:56:12.000,5,1,19800,100,9.196818181818182,9.189999999999999,0.015165750888103,,0.013662601021279
000014,2023.04.20T10:56:18.000,1,2,500,200,9.15,9.199999999999999,,0,0.028867513459481
000014,2023.04.20T10:56:24.000,0,2,0,200,,9.199999999999999,,0,0
000014,2023.04.20T10:56:30.000,0,1,0,1800,,9.169999999999999,,,
000014,2023.04.20T10:56:36.000,0,3,0,700,,9.199999999999999,,0,0
000014,2023.04.20T10:56:42.000,1,1,4000,1000,9.189999999999999,9.189999999999999,,,0
000014,2023.04.20T10:57:00.000,2,2,700,600,9.182857142857143,9.199999999999999,0.014142135623731,0,0.01
000014,2023.04.20T10:57:06.000,0,1,0,1200,,9.199999999999999,,,
000014,2023.04.20T10:57:12.000,2,2,200,600,9.189999999999999,9.199999999999999,0.014142135623731,0,0.01
000014,2023.04.20T10:57:42.000,3,3,4100,2300,9.185365853658536,9.177826086956521,0.01,0.017320508075688,0.012649110640673
000014,2023.04.20T10:58:06.000,0,3,0,800,,9.199999999999999,,0,0
000014,2023.04.20T10:58:12.000,0,1,0,100,,9.199999999999999,,,
000014,2023.04.20T10:58:18.000,1,4,11600,2100,9.199999999999999,9.173333333333333,,0.012583057392118,0.012247448713916
000014,2023.04.20T10:58:24.000,1,6,10000,600,9.179999999999999,9.199999999999999,,0,0.007559289460184
000014,2023.04.20T10:58:36.000,1,0,100,0,9.189999999999999,,,,
000014,2023.04.20T10:58:42.000,0,4,0,1000,,9.199999999999999,,0,0
000014,2023.04.20T10:58:54.000,0,2,0,600,,9.199999999999999,,0,0
000014,2023.04.20T10:59:06.000,3,2,24300,600,9.185102880658435,9.199999999999999,0.384751001731423,0,0.306235203724196
000014,2023.04.20T10:59:24.000,0,1,0,900,,9.169999999999999,,,
000014,2023.04.20T10:59:30.000,1,7,100,27700,9.189999999999999,9.190902527075811,,0.005345224838248,0.005345224838248
000014,2023.04.20T10:59:36.000,1,17,5700,2400,9.189999999999999,9.195833333333332,,0.004696682183139,0.004850712500727
000014,2023.04.20T10:59:42.000,1,2,3600,200,9.16,9.199999999999999,,0,0.023094010767585
000014,2023.04.20T10:59:54.000,0,1,0,100,,9.199999999999999,,,
000014,2023.04.20T11:00:00.000,1,2,300,1100,9.179999999999999,9.190909090909091,,0.007071067811865,0.01
000014,2023.04.20T11:00:06.000,2,0,62600,0,9.199169329073482,,0.014142135623731,,0.014142135623731
000014,2023.04.20T11:00:12.000,2,5,600,4700,9.158333333333333,9.197234042553191,0.035355339059327,0.00894427191,0.021491969707423
000014,2023.04.20T11:00:18.000,0,4,0,3600,,9.207222222222222,,0.005000000000001,0.005000000000001
000014,2023.04.20T11:00:30.000,1,7,500,4800,9.08,9.201874999999999,,0.003779644730093,0.043073856837496
000014,2023.04.20T11:00:42.000,2,0,5300,0,9.199999999999999,,0,,0
000014,2023.04.20T11:01:06.000,1,0,1400,0,9.15,,,,
000014,2023.04.20T11:01:36.000,1,1,200,100,8.439999999999999,9.21,,,0.544472221513643
000014,2023.04.20T11:01:48.000,0,4,0,6400,,9.19125,,0.009574271077563,0.009574271077563
000014,2023.04.20T11:01:54.000,1,5,5000,1000,9.16,9.199999999999997,,0,0.016329931618554
000014,2023.04.20T11:02:00.000,0,1,0,100,,9.21,,,
000014,2023.04.20T11:02:06.000,2,0,2200,0,9.162727272727272,,0.021213203435596,,0.021213203435596
000014,2023.04.20T11:02:12.000,1,1,10000,1700,9.199999999999999,9.169999999999999,,,0.021213203435596
000014,2023.04.20T11:02:18.000,1,0,7000,0,9.179999999999999,,,,
000014,2023.04.20T11:02:30.000,1,3,1000,9600,9.16,9.206666666666667,,0.04618802153517,0.050332229568471
000014,2023.04.20T11:02:36.000,1,0,1200,0,9.199999999999999,,,,
000014,2023.04.20T11:02:42.000,2,4,13700,10700,9.192700729927008,9.199999999999999,0.014142135623731,0,0.008164965809277
000014,2023.04.20T11:03:00.000,1,0,1300,0,9.199999999999999,,,,
000014,2023.04.20T11:03:18.000,0,1,0,1200,,9.179999999999999,,,
000014,2023.04.20T11:03:30.000,1,1,600,100,9.21,9.169999999999999,,,0.028284271247463
000014,2023.04.20T11:03:42.000,0,7,0,6200,,9.208548387096774,,0.003779644730093,0.003779644730093
000014,2023.04.20T11:03:48.000,0,1,0,400,,9.199999999999999,,,
000014,2023.04.20T11:03:54.000,0,2,0,1900,,9.17157894736842,,0.021213203435596,0.021213203435596
000014,2023.04.20T11:04:00.000,1,2,100,6900,9.199999999999999,9.199999999999999,,0,0
000014,2023.04.20T11:04:06.000,0,3,0,500,,9.199999999999999,,0,0
000014,2023.04.20T11:04:24.000,2,1,400,29000,9.1575,9.189999999999999,0.021213203435596,,0.020816659994661
000014,2023.04.20T11:04:30.000,0,2,0,1000,,9.189999999999999,,0,0
000014,2023.04.20T11:04:36.000,0,1,0,600,,9.199999999999999,,,
000014,2023.04.20T11:04:48.000,1,1,8700,100,9.179999999999999,9.189999999999999,,,0.007071067811865
000014,2023.04.20T11:05:06.000,0,4,0,800,,9.18875,,0.005,0.005
000014,2023.04.20T11:05:12.000,0,1,0,300,,9.189999999999999,,,
000014,2023.04.20T11:05:30.000,1,1,300,1600,9.169999999999999,9.16,,,0.007071067811865
000014,2023.04.20T11:05:36.000,2,0,1500,0,9.169999999999999,,0.035355339059327,,0.035355339059327
000014,2023.04.20T11:05:42.000,0,4,0,3000,,9.170999999999999,,0.017320508075688,0.017320508075688
000014,2023.04.20T11:05:48.000,1,1,200,400,9.189999999999999,9.189999999999999,,,0
000014,2023.04.20T11:06:30.000,1,0,1000,0,9.169999999999999,,,,
000014,2023.04.20T11:06:36.000,1,1,5000,3000,9.179999999999999,9.189999999999999,,,0.007071067811865
000014,2023.04.20T11:07:18.000,1,2,200,400,9.16,9.189999999999999,,0,0.017320508075688
000014,2023.04.20T11:07:24.000,0,3,0,600,,9.189999999999999,,0,0
000014,2023.04.20T11:07:30.000,0,3,0,2200,,9.16090909090909,,0.011547005383792,0.011547005383792
000014,2023.04.20T11:07:36.000,0,2,0,1400,,9.189999999999999,,0,0
000014,2023.04.20T11:07:42.000,2,2,10900,1900,9.179449541284403,9.161052631578947,0.007071067811865,0.014142135623731,0.009574271077563
000014,2023.04.20T11:07:48.000,1,0,500,0,9.16,,,,
000014,2023.04.20T11:08:12.000,1,1,400,500,9.189999999999999,9.179999999999999,,,0.007071067811865
000014,2023.04.20T11:08:24.000,1,0,600,0,9.189999999999999,,,,
000014,2023.04.20T11:08:30.000,1,0,7000,0,9.179999999999999,,,,
000014,2023.04.20T11:08:36.000,1,0,800,0,9.089999999999999,,,,
000014,2023.04.20T11:08:42.000,0,1,0,500,,9.49,,,
000014,2023.04.20T11:09:06.000,1,0,1100,0,9.189999999999999,,,,
000014,2023.04.20T11:09:18.000,1,0,700,0,9.16,,,,
000014,2023.04.20T11:09:24.000,2,1,700,900,9.189999999999999,9.16,0,,0.017320508075688
000014,2023.04.20T11:09:30.000,0,14,0,23500,,9.180978723404255,,0.007703288865196,0.007703288865196
000014,2023.04.20T11:09:36.000,0,2,0,300,,9.179999999999999,,0,0
000014,2023.04.20T11:09:42.000,0,2,0,200,,9.179999999999999,,0,0
000014,2023.04.20T11:09:48.000,0,1,0,500,,9.179999999999999,,,
000014,2023.04.20T11:09:54.000,2,0,2100,0,9.16095238095238,,0.028284271247461,,0.028284271247461
000014,2023.04.20T11:10:06.000,0,2,0,15100,,9.179933774834436,,0.007071067811865,0.007071067811865
000014,2023.04.20T11:10:12.000,0,4,0,2200,,9.166363636363636,,0.01,0.01
000014,2023.04.20T11:10:18.000,1,1,900,1800,9.119999999999999,9.16,,,0.028284271247463
000014,2023.04.20T11:10:24.000,0,1,0,1000,,9.189999999999999,,,
000014,2023.04.20T11:10:36.000,1,0,1200,0,9.179999999999999,,,,
000014,2023.04.20T11:10:42.000,2,1,2200,3000,9.168181818181817,9.179999999999999,0.014142135623731,,0.015275252316519
000014,2023.04.20T11:10:54.000,1,1,1000,1000,9.179999999999999,9.179999999999999,,,0
000014,2023.04.20T11:11:00.000,1,2,5900,5100,9.169999999999999,9.179999999999999,,0,0.005773502691896
000014,2023.04.20T11:11:12.000,1,0,1000,0,9.15,,,,
000014,2023.04.20T11:11:18.000,1,1,200,5500,9.169999999999999,9.199999999999999,,,0.021213203435596
000014,2023.04.20T11:11:42.000,0,5,0,1400,,9.179999999999999,,0,0
000014,2023.04.20T11:11:48.000,0,4,0,800,,9.179999999999999,,0,0
000014,2023.04.20T11:11:54.000,0,1,0,100,,9.16,,,
000014,2023.04.20T11:12:00.000,1,0,1000,0,9.179999999999999,,,,
000014,2023.04.20T11:12:06.000,2,1,1600,1700,9.17875,9.16,0.007071067811865,,0.01
000014,2023.04.20T11:12:12.000,1,0,1100,0,9.179999999999999,,,,
000014,2023.04.20T11:12:24.000,1,0,200,0,9.189999999999999,,,,
000014,2023.04.20T11:12:30.000,0,1,0,1800,,9.16,,,
000014,2023.04.20T11:12:48.000,0,1,0,200,,9.179999999999999,,,
000014,2023.04.20T11:13:00.000,1,0,200,0,9.169999999999999,,,,
000014,2023.04.20T11:13:30.000,2,0,1500,0,9.176666666666665,,0.014142135623731,,0.014142135623731
000014,2023.04.20T11:13:36.000,1,2,100,5800,9.179999999999999,9.295862068965519,,0.084852813742386,0.069282032302756
000014,2023.04.20T11:13:48.000,2,0,500,0,9.179999999999999,,0,,0
000014,2023.04.20T11:13:54.000,1,1,3600,1700,9.179999999999999,9.16,,,0.014142135623731
000014,2023.04.20T11:14:00.000,1,0,900,0,9.169999999999999,,,,
000014,2023.04.20T11:14:06.000,0,2,0,200,,9.175,,0.021213203435596,0.021213203435596
000014,2023.04.20T11:14:12.000,0,1,0,100,,9.189999999999999,,,
000014,2023.04.20T11:14:24.000,0,1,0,1000,,9.179999999999999,,,
000014,2023.04.20T11:14:54.000,2,0,600,0,9.185,,0.021213203435596,,0.021213203435596
000014,2023.04.20T11:15:18.000,2,0,2300,0,9.171739130434781,,0.014142135623731,,0.014142135623731
000014,2023.04.20T11:15:24.000,1,0,1400,0,8.8,,,,
000014,2023.04.20T11:15:36.000,1,3,500,4100,9.15,9.160731707317072,,0.017320508075688,0.017320508075688
000014,2023.04.20T11:15:42.000,0,1,0,100,,9.16,,,
000014,2023.04.20T11:15:54.000,0,1,0,10000,,9.23,,,
000014,2023.04.20T11:16:30.000,1,0,2800,0,9.109999999999999,,,,
000014,2023.04.20T11:16:42.000,1,0,3600,0,9.179999999999999,,,,
000014,2023.04.20T11:16:48.000,0,3,0,500,,9.176,,0.005773502691896,0.005773502691896
000014,2023.04.20T11:17:12.000,1,1,200,8700,9.169999999999999,9.179999999999999,,,0.007071067811865
000014,2023.04.20T11:17:18.000,2,2,1100,1800,9.016363636363635,9.151666666666667,0.127279220613578,0.021213203435596,0.08616843969807
000014,2023.04.20T11:17:24.000,1,0,100,0,9.179999999999999,,,,
000014,2023.04.20T11:17:30.000,1,0,5000,0,9.14,,,,
000014,2023.04.20T11:17:36.000,1,1,500,100,9.169999999999999,9.179999999999999,,,0.007071067811865
000014,2023.04.20T11:18:00.000,2,0,4900,0,9.179999999999999,,0,,0
000014,2023.04.20T11:18:12.000,2,0,1200,0,9.183333333333333,,0.014142135623731,,0.014142135623731
000014,2023.04.20T11:18:24.000,1,0,200,0,9.15,,,,
000014,2023.04.20T11:18:30.000,1,0,500,0,8.71,,,,
000014,2023.04.20T11:18:36.000,0,2,0,200,,9.175,,0.021213203435596,0.021213203435596
000014,2023.04.20T11:18:42.000,0,4,0,1700,,9.155882352941176,,0.015,0.015
000014,2023.04.20T11:18:48.000,0,1,0,1800,,9.179999999999999,,,
000014,2023.04.20T11:19:00.000,1,1,100,1700,9.169999999999999,9.15,,,0.014142135623731
000014,2023.04.20T11:19:06.000,1,0,300,0,9.169999999999999,,,,
000014,2023.04.20T11:19:12.000,2,0,5000,0,9.170199999999999,,0.007071067811865,,0.007071067811865
000014,2023.04.20T11:19:24.000,1,0,200,0,9.169999999999999,,,,
000014,2023.04.20T11:19:30.000,1,0,3000,0,9.169999999999999,,,,
000014,2023.04.20T11:19:36.000,0,1,0,7600,,9.169999999999999,,,
000014,2023.04.20T11:19:42.000,2,2,2500,400,9.173999999999999,9.179999999999999,0.021213203435596,0,0.015
000014,2023.04.20T11:20:00.000,1,2,700,300,9.13,9.183333333333333,,0.014142135623731,0.030550504633038
000014,2023.04.20T11:20:30.000,1,0,1000,0,9.169999999999999,,,,
000014,2023.04.20T11:20:42.000,0,2,0,1100,,9.153636363636364,,0.028284271247461,0.028284271247461
000014,2023.04.20T11:20:48.000,0,1,0,1700,,9.189999999999999,,,
000014,2023.04.20T11:20:54.000,0,1,0,1200,,9.189999999999999,,,
000014,2023.04.20T11:21:06.000,0,1,0,2200,,9.189999999999999,,,
000014,2023.04.20T11:21:42.000,0,1,0,100,,9.169999999999999,,,
000014,2023.04.20T11:21:54.000,1,1,4500,1100,9.16,9.15,,,0.007071067811865
000014,2023.04.20T11:22:06.000,0,1,0,5500,,9.169999999999999,,,
000014,2023.04.20T11:22:12.000,0,1,0,200,,9.189999999999999,,,
000014,2023.04.20T11:22:48.000,4,2,1100,300,9.175454545454545,9.179999999999999,0.005,0,0.004082482904639
000014,2023.04.20T11:22:54.000,2,1,900,1200,9.179999999999999,9.16,0,,0.011547005383792
000014,2023.04.20T11:23:00.000,3,5,300,4400,9.179999999999999,9.16090909090909,0,0.010954451150103,0.010350983390135
000014,2023.04.20T11:23:24.000,1,1,2000,100,9.089999999999999,9.169999999999999,,,0.056568542494924
000014,2023.04.20T11:23:30.000,0,1,0,500,,9.169999999999999,,,
000014,2023.04.20T11:23:36.000,2,0,4700,0,9.161489361702127,,0.014142135623731,,0.014142135623731
000014,2023.04.20T11:23:48.000,2,0,5600,0,9.189642857142857,,0.007071067811865,,0.007071067811865
000014,2023.04.20T11:23:54.000,2,1,1800,100,9.166666666666666,9.16,0.014142135623731,,0.011547005383792
000014,2023.04.20T11:24:00.000,1,2,1000,200,9.099999999999999,9.179999999999999,,0,0.04618802153517
000014,2023.04.20T11:24:06.000,1,0,2000,0,9.169999999999999,,,,
000014,2023.04.20T11:24:18.000,0,1,0,1300,,9.189999999999999,,,
000014,2023.04.20T11:24:24.000,2,0,2400,0,9.172916666666667,,0.007071067811865,,0.007071067811865
000014,2023.04.20T11:24:30.000,3,0,4000,0,9.178499999999999,,0.005773502691896,,0.005773502691896
000014,2023.04.20T11:24:42.000,1,0,500,0,9.179999999999999,,,,
000014,2023.04.20T11:24:48.000,1,1,3200,1000,9.169999999999999,9.349999999999999,,,0.127279220613578
000014,2023.04.20T11:24:54.000,2,1,1400,1200,9.172857142857143,9.189999999999999,0.014142135623731,,0.011547005383792
000014,2023.04.20T11:25:00.000,2,0,3000,0,9.188333333333332,,0.035355339059327,,0.035355339059327
000014,2023.04.20T11:25:36.000,1,1,200,100,9.179999999999999,9.099999999999999,,,0.056568542494924
000014,2023.04.20T11:25:42.000,0,1,0,1300,,9.16,,,
000014,2023.04.20T11:25:48.000,1,1,2200,1400,9.179999999999999,9.189999999999999,,,0.007071067811865
000014,2023.04.20T11:25:54.000,6,0,44500,0,9.179662921348315,,0.015491933384829,,0.015491933384829
000014,2023.04.20T11:26:12.000,1,1,100,700,9.169999999999999,9.23,,,0.042426406871193
000014,2023.04.20T11:26:18.000,2,0,2900,0,9.183448275862069,,0.007071067811865,,0.007071067811865
000014,2023.04.20T11:26:48.000,0,1,0,100,,9.16,,,
000014,2023.04.20T11:27:06.000,1,2,100,1900,9.189999999999999,9.169473684210526,,0.021213203435596,0.017320508075688
000014,2023.04.20T11:27:12.000,1,1,1000,100,9.15,9.189999999999999,,,0.028284271247461
000014,2023.04.20T11:27:18.000,1,0,1000,0,9.189999999999999,,,,
000014,2023.04.20T11:27:42.000,1,0,300,0,9.189999999999999,,,,
000014,2023.04.20T11:27:48.000,0,1,0,900,,9.16,,,
000014,2023.04.20T11:27:54.000,0,1,0,100,,9.189999999999999,,,
000014,2023.04.20T11:28:00.000,0,1,0,100,,9.16,,,
000014,2023.04.20T11:28:18.000,1,1,2100,1200,9.179999999999999,9.16,,,0.014142135623731
000014,2023.04.20T11:28:24.000,2,0,1600,0,9.176875,,0.007071067811865,,0.007071067811865
000014,2023.04.20T11:28:30.000,1,0,100,0,9.169999999999999,,,,
000014,2023.04.20T11:28:36.000,1,0,1500,0,9.15,,,,
000014,2023.04.20T11:28:42.000,1,0,45100,0,9.189999999999999,,,,
000014,2023.04.20T11:29:06.000,1,0,15600,0,9.179999999999999,,,,
000014,2023.04.20T11:29:24.000,1,1,400,500,9.199999999999999,9.289999999999999,,,0.063639610306789
000014,2023.04.20T11:29:42.000,0,1,0,32100,,9.189999999999999,,,
000014,2023.04.20T11:29:48.000,0,1,0,200,,9.189999999999999,,,
000014,2023.04.20T11:30:00.000,1,0,200,0,9.189999999999999,,,,
